file_name,class,path
AMRD37.jpeg,Age_related_Macular_Degeneration,/Users/asmitganguly/Developer/internships/UWaterloo-24/Data/Age_related_Macular_Degeneration/AMRD37.jpeg
AMRD21.jpeg,Age_related_Macular_Degeneration,/Users/asmitganguly/Developer/internships/UWaterloo-24/Data/Age_related_Macular_Degeneration/AMRD21.jpeg
AMRD6.jpeg,Age_related_Macular_Degeneration,/Users/asmitganguly/Developer/internships/UWaterloo-24/Data/Age_related_Macular_Degeneration/AMRD6.jpeg
AMRD40.jpeg,Age_related_Macular_Degeneration,/Users/asmitganguly/Developer/internships/UWaterloo-24/Data/Age_related_Macular_Degeneration/AMRD40.jpeg
AMRD17.jpeg,Age_related_Macular_Degeneration,/Users/asmitganguly/Developer/internships/UWaterloo-24/Data/Age_related_Macular_Degeneration/AMRD17.jpeg
AMRD16.jpeg,Age_related_Macular_Degeneration,/Users/asmitganguly/Developer/internships/UWaterloo-24/Data/Age_related_Macular_Degeneration/AMRD16.jpeg
AMRD41.jpeg,Age_related_Macular_Degeneration,/Users/asmitganguly/Developer/internships/UWaterloo-24/Data/Age_related_Macular_Degeneration/AMRD41.jpeg
AMRD7.jpeg,Age_related_Macular_Degeneration,/Users/asmitganguly/Developer/internships/UWaterloo-24/Data/Age_related_Macular_Degeneration/AMRD7.jpeg
AMRD20.jpeg,Age_related_Macular_Degeneration,/Users/asmitganguly/Developer/internships/UWaterloo-24/Data/Age_related_Macular_Degeneration/AMRD20.jpeg
AMRD36.jpeg,Age_related_Macular_Degeneration,/Users/asmitganguly/Developer/internships/UWaterloo-24/Data/Age_related_Macular_Degeneration/AMRD36.jpeg
AMRD50.jpeg,Age_related_Macular_Degeneration,/Users/asmitganguly/Developer/internships/UWaterloo-24/Data/Age_related_Macular_Degeneration/AMRD50.jpeg
AMRD46.jpeg,Age_related_Macular_Degeneration,/Users/asmitganguly/Developer/internships/UWaterloo-24/Data/Age_related_Macular_Degeneration/AMRD46.jpeg
AMRD11.jpeg,Age_related_Macular_Degeneration,/Users/asmitganguly/Developer/internships/UWaterloo-24/Data/Age_related_Macular_Degeneration/AMRD11.jpeg
AMRD31.jpeg,Age_related_Macular_Degeneration,/Users/asmitganguly/Developer/internships/UWaterloo-24/Data/Age_related_Macular_Degeneration/AMRD31.jpeg
AMRD27.jpeg,Age_related_Macular_Degeneration,/Users/asmitganguly/Developer/internships/UWaterloo-24/Data/Age_related_Macular_Degeneration/AMRD27.jpeg
AMRD1.jpeg,Age_related_Macular_Degeneration,/Users/asmitganguly/Developer/internships/UWaterloo-24/Data/Age_related_Macular_Degeneration/AMRD1.jpeg
AMRD26.jpeg,Age_related_Macular_Degeneration,/Users/asmitganguly/Developer/internships/UWaterloo-24/Data/Age_related_Macular_Degeneration/AMRD26.jpeg
AMRD30.jpeg,Age_related_Macular_Degeneration,/Users/asmitganguly/Developer/internships/UWaterloo-24/Data/Age_related_Macular_Degeneration/AMRD30.jpeg
AMRD10.jpeg,Age_related_Macular_Degeneration,/Users/asmitganguly/Developer/internships/UWaterloo-24/Data/Age_related_Macular_Degeneration/AMRD10.jpeg
AMRD47.jpeg,Age_related_Macular_Degeneration,/Users/asmitganguly/Developer/internships/UWaterloo-24/Data/Age_related_Macular_Degeneration/AMRD47.jpeg
AMRD51.jpeg,Age_related_Macular_Degeneration,/Users/asmitganguly/Developer/internships/UWaterloo-24/Data/Age_related_Macular_Degeneration/AMRD51.jpeg
AMRD13.jpeg,Age_related_Macular_Degeneration,/Users/asmitganguly/Developer/internships/UWaterloo-24/Data/Age_related_Macular_Degeneration/AMRD13.jpeg
AMRD44.jpeg,Age_related_Macular_Degeneration,/Users/asmitganguly/Developer/internships/UWaterloo-24/Data/Age_related_Macular_Degeneration/AMRD44.jpeg
AMRD52.jpeg,Age_related_Macular_Degeneration,/Users/asmitganguly/Developer/internships/UWaterloo-24/Data/Age_related_Macular_Degeneration/AMRD52.jpeg
AMRD29.jpeg,Age_related_Macular_Degeneration,/Users/asmitganguly/Developer/internships/UWaterloo-24/Data/Age_related_Macular_Degeneration/AMRD29.jpeg
AMRD48.jpeg,Age_related_Macular_Degeneration,/Users/asmitganguly/Developer/internships/UWaterloo-24/Data/Age_related_Macular_Degeneration/AMRD48.jpeg
AMRD2.jpeg,Age_related_Macular_Degeneration,/Users/asmitganguly/Developer/internships/UWaterloo-24/Data/Age_related_Macular_Degeneration/AMRD2.jpeg
AMRD25.jpeg,Age_related_Macular_Degeneration,/Users/asmitganguly/Developer/internships/UWaterloo-24/Data/Age_related_Macular_Degeneration/AMRD25.jpeg
AMRD33.jpeg,Age_related_Macular_Degeneration,/Users/asmitganguly/Developer/internships/UWaterloo-24/Data/Age_related_Macular_Degeneration/AMRD33.jpeg
AMRD32.jpeg,Age_related_Macular_Degeneration,/Users/asmitganguly/Developer/internships/UWaterloo-24/Data/Age_related_Macular_Degeneration/AMRD32.jpeg
AMRD24.jpeg,Age_related_Macular_Degeneration,/Users/asmitganguly/Developer/internships/UWaterloo-24/Data/Age_related_Macular_Degeneration/AMRD24.jpeg
AMRD3.jpeg,Age_related_Macular_Degeneration,/Users/asmitganguly/Developer/internships/UWaterloo-24/Data/Age_related_Macular_Degeneration/AMRD3.jpeg
AMRD49.jpeg,Age_related_Macular_Degeneration,/Users/asmitganguly/Developer/internships/UWaterloo-24/Data/Age_related_Macular_Degeneration/AMRD49.jpeg
AMRD28.jpeg,Age_related_Macular_Degeneration,/Users/asmitganguly/Developer/internships/UWaterloo-24/Data/Age_related_Macular_Degeneration/AMRD28.jpeg
AMRD53.jpeg,Age_related_Macular_Degeneration,/Users/asmitganguly/Developer/internships/UWaterloo-24/Data/Age_related_Macular_Degeneration/AMRD53.jpeg
AMRD45.jpeg,Age_related_Macular_Degeneration,/Users/asmitganguly/Developer/internships/UWaterloo-24/Data/Age_related_Macular_Degeneration/AMRD45.jpeg
AMRD12.jpeg,Age_related_Macular_Degeneration,/Users/asmitganguly/Developer/internships/UWaterloo-24/Data/Age_related_Macular_Degeneration/AMRD12.jpeg
AMRD19.jpeg,Age_related_Macular_Degeneration,/Users/asmitganguly/Developer/internships/UWaterloo-24/Data/Age_related_Macular_Degeneration/AMRD19.jpeg
AMRD4.jpeg,Age_related_Macular_Degeneration,/Users/asmitganguly/Developer/internships/UWaterloo-24/Data/Age_related_Macular_Degeneration/AMRD4.jpeg
AMRD23.jpeg,Age_related_Macular_Degeneration,/Users/asmitganguly/Developer/internships/UWaterloo-24/Data/Age_related_Macular_Degeneration/AMRD23.jpeg
AMRD35.jpeg,Age_related_Macular_Degeneration,/Users/asmitganguly/Developer/internships/UWaterloo-24/Data/Age_related_Macular_Degeneration/AMRD35.jpeg
AMRD15.jpeg,Age_related_Macular_Degeneration,/Users/asmitganguly/Developer/internships/UWaterloo-24/Data/Age_related_Macular_Degeneration/AMRD15.jpeg
AMRD42.jpeg,Age_related_Macular_Degeneration,/Users/asmitganguly/Developer/internships/UWaterloo-24/Data/Age_related_Macular_Degeneration/AMRD42.jpeg
AMRD54.jpeg,Age_related_Macular_Degeneration,/Users/asmitganguly/Developer/internships/UWaterloo-24/Data/Age_related_Macular_Degeneration/AMRD54.jpeg
AMRD8.jpeg,Age_related_Macular_Degeneration,/Users/asmitganguly/Developer/internships/UWaterloo-24/Data/Age_related_Macular_Degeneration/AMRD8.jpeg
AMRD39.jpeg,Age_related_Macular_Degeneration,/Users/asmitganguly/Developer/internships/UWaterloo-24/Data/Age_related_Macular_Degeneration/AMRD39.jpeg
AMRD38.jpeg,Age_related_Macular_Degeneration,/Users/asmitganguly/Developer/internships/UWaterloo-24/Data/Age_related_Macular_Degeneration/AMRD38.jpeg
AMRD9.jpeg,Age_related_Macular_Degeneration,/Users/asmitganguly/Developer/internships/UWaterloo-24/Data/Age_related_Macular_Degeneration/AMRD9.jpeg
AMRD55.jpeg,Age_related_Macular_Degeneration,/Users/asmitganguly/Developer/internships/UWaterloo-24/Data/Age_related_Macular_Degeneration/AMRD55.jpeg
AMRD43.jpeg,Age_related_Macular_Degeneration,/Users/asmitganguly/Developer/internships/UWaterloo-24/Data/Age_related_Macular_Degeneration/AMRD43.jpeg
AMRD14.jpeg,Age_related_Macular_Degeneration,/Users/asmitganguly/Developer/internships/UWaterloo-24/Data/Age_related_Macular_Degeneration/AMRD14.jpeg
AMRD34.jpeg,Age_related_Macular_Degeneration,/Users/asmitganguly/Developer/internships/UWaterloo-24/Data/Age_related_Macular_Degeneration/AMRD34.jpeg
AMRD22.jpeg,Age_related_Macular_Degeneration,/Users/asmitganguly/Developer/internships/UWaterloo-24/Data/Age_related_Macular_Degeneration/AMRD22.jpeg
AMRD5.jpeg,Age_related_Macular_Degeneration,/Users/asmitganguly/Developer/internships/UWaterloo-24/Data/Age_related_Macular_Degeneration/AMRD5.jpeg
AMRD18.jpeg,Age_related_Macular_Degeneration,/Users/asmitganguly/Developer/internships/UWaterloo-24/Data/Age_related_Macular_Degeneration/AMRD18.jpeg
MH93.jpeg,Macular_Hole,/Users/asmitganguly/Developer/internships/UWaterloo-24/Data/Macular_Hole/MH93.jpeg
MH85.jpeg,Macular_Hole,/Users/asmitganguly/Developer/internships/UWaterloo-24/Data/Macular_Hole/MH85.jpeg
MH46.jpeg,Macular_Hole,/Users/asmitganguly/Developer/internships/UWaterloo-24/Data/Macular_Hole/MH46.jpeg
MH11.jpeg,Macular_Hole,/Users/asmitganguly/Developer/internships/UWaterloo-24/Data/Macular_Hole/MH11.jpeg
MH50.jpeg,Macular_Hole,/Users/asmitganguly/Developer/internships/UWaterloo-24/Data/Macular_Hole/MH50.jpeg
MH27.jpeg,Macular_Hole,/Users/asmitganguly/Developer/internships/UWaterloo-24/Data/Macular_Hole/MH27.jpeg
MH70.jpeg,Macular_Hole,/Users/asmitganguly/Developer/internships/UWaterloo-24/Data/Macular_Hole/MH70.jpeg
MH66.jpeg,Macular_Hole,/Users/asmitganguly/Developer/internships/UWaterloo-24/Data/Macular_Hole/MH66.jpeg
MH89.jpeg,Macular_Hole,/Users/asmitganguly/Developer/internships/UWaterloo-24/Data/Macular_Hole/MH89.jpeg
MH31.jpeg,Macular_Hole,/Users/asmitganguly/Developer/internships/UWaterloo-24/Data/Macular_Hole/MH31.jpeg
MH3.jpeg,Macular_Hole,/Users/asmitganguly/Developer/internships/UWaterloo-24/Data/Macular_Hole/MH3.jpeg
MH2.jpeg,Macular_Hole,/Users/asmitganguly/Developer/internships/UWaterloo-24/Data/Macular_Hole/MH2.jpeg
MH30.jpeg,Macular_Hole,/Users/asmitganguly/Developer/internships/UWaterloo-24/Data/Macular_Hole/MH30.jpeg
MH67.jpeg,Macular_Hole,/Users/asmitganguly/Developer/internships/UWaterloo-24/Data/Macular_Hole/MH67.jpeg
MH88.jpeg,Macular_Hole,/Users/asmitganguly/Developer/internships/UWaterloo-24/Data/Macular_Hole/MH88.jpeg
MH71.jpeg,Macular_Hole,/Users/asmitganguly/Developer/internships/UWaterloo-24/Data/Macular_Hole/MH71.jpeg
MH26.jpeg,Macular_Hole,/Users/asmitganguly/Developer/internships/UWaterloo-24/Data/Macular_Hole/MH26.jpeg
MH51.jpeg,Macular_Hole,/Users/asmitganguly/Developer/internships/UWaterloo-24/Data/Macular_Hole/MH51.jpeg
MH10.jpeg,Macular_Hole,/Users/asmitganguly/Developer/internships/UWaterloo-24/Data/Macular_Hole/MH10.jpeg
MH47.jpeg,Macular_Hole,/Users/asmitganguly/Developer/internships/UWaterloo-24/Data/Macular_Hole/MH47.jpeg
MH84.jpeg,Macular_Hole,/Users/asmitganguly/Developer/internships/UWaterloo-24/Data/Macular_Hole/MH84.jpeg
MH92.jpeg,Macular_Hole,/Users/asmitganguly/Developer/internships/UWaterloo-24/Data/Macular_Hole/MH92.jpeg
MH21.jpeg,Macular_Hole,/Users/asmitganguly/Developer/internships/UWaterloo-24/Data/Macular_Hole/MH21.jpeg
MH76.jpeg,Macular_Hole,/Users/asmitganguly/Developer/internships/UWaterloo-24/Data/Macular_Hole/MH76.jpeg
MH99.jpeg,Macular_Hole,/Users/asmitganguly/Developer/internships/UWaterloo-24/Data/Macular_Hole/MH99.jpeg
MH60.jpeg,Macular_Hole,/Users/asmitganguly/Developer/internships/UWaterloo-24/Data/Macular_Hole/MH60.jpeg
MH37.jpeg,Macular_Hole,/Users/asmitganguly/Developer/internships/UWaterloo-24/Data/Macular_Hole/MH37.jpeg
MH5.jpeg,Macular_Hole,/Users/asmitganguly/Developer/internships/UWaterloo-24/Data/Macular_Hole/MH5.jpeg
MH95.jpeg,Macular_Hole,/Users/asmitganguly/Developer/internships/UWaterloo-24/Data/Macular_Hole/MH95.jpeg
MH83.jpeg,Macular_Hole,/Users/asmitganguly/Developer/internships/UWaterloo-24/Data/Macular_Hole/MH83.jpeg
MH40.jpeg,Macular_Hole,/Users/asmitganguly/Developer/internships/UWaterloo-24/Data/Macular_Hole/MH40.jpeg
MH9.jpeg,Macular_Hole,/Users/asmitganguly/Developer/internships/UWaterloo-24/Data/Macular_Hole/MH9.jpeg
MH17.jpeg,Macular_Hole,/Users/asmitganguly/Developer/internships/UWaterloo-24/Data/Macular_Hole/MH17.jpeg
MH56.jpeg,Macular_Hole,/Users/asmitganguly/Developer/internships/UWaterloo-24/Data/Macular_Hole/MH56.jpeg
MH57.jpeg,Macular_Hole,/Users/asmitganguly/Developer/internships/UWaterloo-24/Data/Macular_Hole/MH57.jpeg
MH8.jpeg,Macular_Hole,/Users/asmitganguly/Developer/internships/UWaterloo-24/Data/Macular_Hole/MH8.jpeg
MH16.jpeg,Macular_Hole,/Users/asmitganguly/Developer/internships/UWaterloo-24/Data/Macular_Hole/MH16.jpeg
MH41.jpeg,Macular_Hole,/Users/asmitganguly/Developer/internships/UWaterloo-24/Data/Macular_Hole/MH41.jpeg
MH82.jpeg,Macular_Hole,/Users/asmitganguly/Developer/internships/UWaterloo-24/Data/Macular_Hole/MH82.jpeg
MH94.jpeg,Macular_Hole,/Users/asmitganguly/Developer/internships/UWaterloo-24/Data/Macular_Hole/MH94.jpeg
MH4.jpeg,Macular_Hole,/Users/asmitganguly/Developer/internships/UWaterloo-24/Data/Macular_Hole/MH4.jpeg
MH102.jpeg,Macular_Hole,/Users/asmitganguly/Developer/internships/UWaterloo-24/Data/Macular_Hole/MH102.jpeg
MH36.jpeg,Macular_Hole,/Users/asmitganguly/Developer/internships/UWaterloo-24/Data/Macular_Hole/MH36.jpeg
MH61.jpeg,Macular_Hole,/Users/asmitganguly/Developer/internships/UWaterloo-24/Data/Macular_Hole/MH61.jpeg
MH77.jpeg,Macular_Hole,/Users/asmitganguly/Developer/internships/UWaterloo-24/Data/Macular_Hole/MH77.jpeg
MH98.jpeg,Macular_Hole,/Users/asmitganguly/Developer/internships/UWaterloo-24/Data/Macular_Hole/MH98.jpeg
MH20.jpeg,Macular_Hole,/Users/asmitganguly/Developer/internships/UWaterloo-24/Data/Macular_Hole/MH20.jpeg
MH58.jpeg,Macular_Hole,/Users/asmitganguly/Developer/internships/UWaterloo-24/Data/Macular_Hole/MH58.jpeg
MH19.jpeg,Macular_Hole,/Users/asmitganguly/Developer/internships/UWaterloo-24/Data/Macular_Hole/MH19.jpeg
MH7.jpeg,Macular_Hole,/Users/asmitganguly/Developer/internships/UWaterloo-24/Data/Macular_Hole/MH7.jpeg
MH101.jpeg,Macular_Hole,/Users/asmitganguly/Developer/internships/UWaterloo-24/Data/Macular_Hole/MH101.jpeg
MH35.jpeg,Macular_Hole,/Users/asmitganguly/Developer/internships/UWaterloo-24/Data/Macular_Hole/MH35.jpeg
MH62.jpeg,Macular_Hole,/Users/asmitganguly/Developer/internships/UWaterloo-24/Data/Macular_Hole/MH62.jpeg
MH74.jpeg,Macular_Hole,/Users/asmitganguly/Developer/internships/UWaterloo-24/Data/Macular_Hole/MH74.jpeg
MH23.jpeg,Macular_Hole,/Users/asmitganguly/Developer/internships/UWaterloo-24/Data/Macular_Hole/MH23.jpeg
MH54.jpeg,Macular_Hole,/Users/asmitganguly/Developer/internships/UWaterloo-24/Data/Macular_Hole/MH54.jpeg
MH15.jpeg,Macular_Hole,/Users/asmitganguly/Developer/internships/UWaterloo-24/Data/Macular_Hole/MH15.jpeg
MH42.jpeg,Macular_Hole,/Users/asmitganguly/Developer/internships/UWaterloo-24/Data/Macular_Hole/MH42.jpeg
MH39.jpeg,Macular_Hole,/Users/asmitganguly/Developer/internships/UWaterloo-24/Data/Macular_Hole/MH39.jpeg
MH81.jpeg,Macular_Hole,/Users/asmitganguly/Developer/internships/UWaterloo-24/Data/Macular_Hole/MH81.jpeg
MH97.jpeg,Macular_Hole,/Users/asmitganguly/Developer/internships/UWaterloo-24/Data/Macular_Hole/MH97.jpeg
MH78.jpeg,Macular_Hole,/Users/asmitganguly/Developer/internships/UWaterloo-24/Data/Macular_Hole/MH78.jpeg
MH96.jpeg,Macular_Hole,/Users/asmitganguly/Developer/internships/UWaterloo-24/Data/Macular_Hole/MH96.jpeg
MH79.jpeg,Macular_Hole,/Users/asmitganguly/Developer/internships/UWaterloo-24/Data/Macular_Hole/MH79.jpeg
MH80.jpeg,Macular_Hole,/Users/asmitganguly/Developer/internships/UWaterloo-24/Data/Macular_Hole/MH80.jpeg
MH38.jpeg,Macular_Hole,/Users/asmitganguly/Developer/internships/UWaterloo-24/Data/Macular_Hole/MH38.jpeg
MH43.jpeg,Macular_Hole,/Users/asmitganguly/Developer/internships/UWaterloo-24/Data/Macular_Hole/MH43.jpeg
MH14.jpeg,Macular_Hole,/Users/asmitganguly/Developer/internships/UWaterloo-24/Data/Macular_Hole/MH14.jpeg
MH55.jpeg,Macular_Hole,/Users/asmitganguly/Developer/internships/UWaterloo-24/Data/Macular_Hole/MH55.jpeg
MH22.jpeg,Macular_Hole,/Users/asmitganguly/Developer/internships/UWaterloo-24/Data/Macular_Hole/MH22.jpeg
MH75.jpeg,Macular_Hole,/Users/asmitganguly/Developer/internships/UWaterloo-24/Data/Macular_Hole/MH75.jpeg
MH63.jpeg,Macular_Hole,/Users/asmitganguly/Developer/internships/UWaterloo-24/Data/Macular_Hole/MH63.jpeg
MH34.jpeg,Macular_Hole,/Users/asmitganguly/Developer/internships/UWaterloo-24/Data/Macular_Hole/MH34.jpeg
MH100.jpeg,Macular_Hole,/Users/asmitganguly/Developer/internships/UWaterloo-24/Data/Macular_Hole/MH100.jpeg
MH18.jpeg,Macular_Hole,/Users/asmitganguly/Developer/internships/UWaterloo-24/Data/Macular_Hole/MH18.jpeg
MH6.jpeg,Macular_Hole,/Users/asmitganguly/Developer/internships/UWaterloo-24/Data/Macular_Hole/MH6.jpeg
MH59.jpeg,Macular_Hole,/Users/asmitganguly/Developer/internships/UWaterloo-24/Data/Macular_Hole/MH59.jpeg
MH52.jpeg,Macular_Hole,/Users/asmitganguly/Developer/internships/UWaterloo-24/Data/Macular_Hole/MH52.jpeg
MH13.jpeg,Macular_Hole,/Users/asmitganguly/Developer/internships/UWaterloo-24/Data/Macular_Hole/MH13.jpeg
MH44.jpeg,Macular_Hole,/Users/asmitganguly/Developer/internships/UWaterloo-24/Data/Macular_Hole/MH44.jpeg
MH87.jpeg,Macular_Hole,/Users/asmitganguly/Developer/internships/UWaterloo-24/Data/Macular_Hole/MH87.jpeg
MH68.jpeg,Macular_Hole,/Users/asmitganguly/Developer/internships/UWaterloo-24/Data/Macular_Hole/MH68.jpeg
MH91.jpeg,Macular_Hole,/Users/asmitganguly/Developer/internships/UWaterloo-24/Data/Macular_Hole/MH91.jpeg
MH29.jpeg,Macular_Hole,/Users/asmitganguly/Developer/internships/UWaterloo-24/Data/Macular_Hole/MH29.jpeg
MH1.jpeg,Macular_Hole,/Users/asmitganguly/Developer/internships/UWaterloo-24/Data/Macular_Hole/MH1.jpeg
MH48.jpeg,Macular_Hole,/Users/asmitganguly/Developer/internships/UWaterloo-24/Data/Macular_Hole/MH48.jpeg
MH33.jpeg,Macular_Hole,/Users/asmitganguly/Developer/internships/UWaterloo-24/Data/Macular_Hole/MH33.jpeg
MH64.jpeg,Macular_Hole,/Users/asmitganguly/Developer/internships/UWaterloo-24/Data/Macular_Hole/MH64.jpeg
MH72.jpeg,Macular_Hole,/Users/asmitganguly/Developer/internships/UWaterloo-24/Data/Macular_Hole/MH72.jpeg
MH25.jpeg,Macular_Hole,/Users/asmitganguly/Developer/internships/UWaterloo-24/Data/Macular_Hole/MH25.jpeg
MH24.jpeg,Macular_Hole,/Users/asmitganguly/Developer/internships/UWaterloo-24/Data/Macular_Hole/MH24.jpeg
MH73.jpeg,Macular_Hole,/Users/asmitganguly/Developer/internships/UWaterloo-24/Data/Macular_Hole/MH73.jpeg
MH65.jpeg,Macular_Hole,/Users/asmitganguly/Developer/internships/UWaterloo-24/Data/Macular_Hole/MH65.jpeg
MH32.jpeg,Macular_Hole,/Users/asmitganguly/Developer/internships/UWaterloo-24/Data/Macular_Hole/MH32.jpeg
MH49.jpeg,Macular_Hole,/Users/asmitganguly/Developer/internships/UWaterloo-24/Data/Macular_Hole/MH49.jpeg
MH28.jpeg,Macular_Hole,/Users/asmitganguly/Developer/internships/UWaterloo-24/Data/Macular_Hole/MH28.jpeg
MH90.jpeg,Macular_Hole,/Users/asmitganguly/Developer/internships/UWaterloo-24/Data/Macular_Hole/MH90.jpeg
MH86.jpeg,Macular_Hole,/Users/asmitganguly/Developer/internships/UWaterloo-24/Data/Macular_Hole/MH86.jpeg
MH69.jpeg,Macular_Hole,/Users/asmitganguly/Developer/internships/UWaterloo-24/Data/Macular_Hole/MH69.jpeg
MH45.jpeg,Macular_Hole,/Users/asmitganguly/Developer/internships/UWaterloo-24/Data/Macular_Hole/MH45.jpeg
MH12.jpeg,Macular_Hole,/Users/asmitganguly/Developer/internships/UWaterloo-24/Data/Macular_Hole/MH12.jpeg
MH53.jpeg,Macular_Hole,/Users/asmitganguly/Developer/internships/UWaterloo-24/Data/Macular_Hole/MH53.jpeg
DR105.jpeg,Diabetic,/Users/asmitganguly/Developer/internships/UWaterloo-24/Data/Diabetic/DR105.jpeg
DR26.jpeg,Diabetic,/Users/asmitganguly/Developer/internships/UWaterloo-24/Data/Diabetic/DR26.jpeg
DR71.jpeg,Diabetic,/Users/asmitganguly/Developer/internships/UWaterloo-24/Data/Diabetic/DR71.jpeg
DR67.jpeg,Diabetic,/Users/asmitganguly/Developer/internships/UWaterloo-24/Data/Diabetic/DR67.jpeg
DR88.jpeg,Diabetic,/Users/asmitganguly/Developer/internships/UWaterloo-24/Data/Diabetic/DR88.jpeg
DR30.jpeg,Diabetic,/Users/asmitganguly/Developer/internships/UWaterloo-24/Data/Diabetic/DR30.jpeg
DR92.jpeg,Diabetic,/Users/asmitganguly/Developer/internships/UWaterloo-24/Data/Diabetic/DR92.jpeg
DR84.jpeg,Diabetic,/Users/asmitganguly/Developer/internships/UWaterloo-24/Data/Diabetic/DR84.jpeg
DR47.jpeg,Diabetic,/Users/asmitganguly/Developer/internships/UWaterloo-24/Data/Diabetic/DR47.jpeg
DR10.jpeg,Diabetic,/Users/asmitganguly/Developer/internships/UWaterloo-24/Data/Diabetic/DR10.jpeg
DR6.jpeg,Diabetic,/Users/asmitganguly/Developer/internships/UWaterloo-24/Data/Diabetic/DR6.jpeg
DR51.jpeg,Diabetic,/Users/asmitganguly/Developer/internships/UWaterloo-24/Data/Diabetic/DR51.jpeg
DR7.jpeg,Diabetic,/Users/asmitganguly/Developer/internships/UWaterloo-24/Data/Diabetic/DR7.jpeg
DR50.jpeg,Diabetic,/Users/asmitganguly/Developer/internships/UWaterloo-24/Data/Diabetic/DR50.jpeg
DR11.jpeg,Diabetic,/Users/asmitganguly/Developer/internships/UWaterloo-24/Data/Diabetic/DR11.jpeg
DR46.jpeg,Diabetic,/Users/asmitganguly/Developer/internships/UWaterloo-24/Data/Diabetic/DR46.jpeg
DR85.jpeg,Diabetic,/Users/asmitganguly/Developer/internships/UWaterloo-24/Data/Diabetic/DR85.jpeg
DR93.jpeg,Diabetic,/Users/asmitganguly/Developer/internships/UWaterloo-24/Data/Diabetic/DR93.jpeg
DR31.jpeg,Diabetic,/Users/asmitganguly/Developer/internships/UWaterloo-24/Data/Diabetic/DR31.jpeg
DR66.jpeg,Diabetic,/Users/asmitganguly/Developer/internships/UWaterloo-24/Data/Diabetic/DR66.jpeg
DR89.jpeg,Diabetic,/Users/asmitganguly/Developer/internships/UWaterloo-24/Data/Diabetic/DR89.jpeg
DR70.jpeg,Diabetic,/Users/asmitganguly/Developer/internships/UWaterloo-24/Data/Diabetic/DR70.jpeg
DR27.jpeg,Diabetic,/Users/asmitganguly/Developer/internships/UWaterloo-24/Data/Diabetic/DR27.jpeg
DR104.jpeg,Diabetic,/Users/asmitganguly/Developer/internships/UWaterloo-24/Data/Diabetic/DR104.jpeg
DR94.jpeg,Diabetic,/Users/asmitganguly/Developer/internships/UWaterloo-24/Data/Diabetic/DR94.jpeg
DR82.jpeg,Diabetic,/Users/asmitganguly/Developer/internships/UWaterloo-24/Data/Diabetic/DR82.jpeg
DR41.jpeg,Diabetic,/Users/asmitganguly/Developer/internships/UWaterloo-24/Data/Diabetic/DR41.jpeg
DR16.jpeg,Diabetic,/Users/asmitganguly/Developer/internships/UWaterloo-24/Data/Diabetic/DR16.jpeg
DR57.jpeg,Diabetic,/Users/asmitganguly/Developer/internships/UWaterloo-24/Data/Diabetic/DR57.jpeg
DR103.jpeg,Diabetic,/Users/asmitganguly/Developer/internships/UWaterloo-24/Data/Diabetic/DR103.jpeg
DR20.jpeg,Diabetic,/Users/asmitganguly/Developer/internships/UWaterloo-24/Data/Diabetic/DR20.jpeg
DR77.jpeg,Diabetic,/Users/asmitganguly/Developer/internships/UWaterloo-24/Data/Diabetic/DR77.jpeg
DR98.jpeg,Diabetic,/Users/asmitganguly/Developer/internships/UWaterloo-24/Data/Diabetic/DR98.jpeg
DR61.jpeg,Diabetic,/Users/asmitganguly/Developer/internships/UWaterloo-24/Data/Diabetic/DR61.jpeg
DR36.jpeg,Diabetic,/Users/asmitganguly/Developer/internships/UWaterloo-24/Data/Diabetic/DR36.jpeg
DR37.jpeg,Diabetic,/Users/asmitganguly/Developer/internships/UWaterloo-24/Data/Diabetic/DR37.jpeg
DR60.jpeg,Diabetic,/Users/asmitganguly/Developer/internships/UWaterloo-24/Data/Diabetic/DR60.jpeg
DR76.jpeg,Diabetic,/Users/asmitganguly/Developer/internships/UWaterloo-24/Data/Diabetic/DR76.jpeg
DR99.jpeg,Diabetic,/Users/asmitganguly/Developer/internships/UWaterloo-24/Data/Diabetic/DR99.jpeg
DR21.jpeg,Diabetic,/Users/asmitganguly/Developer/internships/UWaterloo-24/Data/Diabetic/DR21.jpeg
DR102.jpeg,Diabetic,/Users/asmitganguly/Developer/internships/UWaterloo-24/Data/Diabetic/DR102.jpeg
DR56.jpeg,Diabetic,/Users/asmitganguly/Developer/internships/UWaterloo-24/Data/Diabetic/DR56.jpeg
DR1.jpeg,Diabetic,/Users/asmitganguly/Developer/internships/UWaterloo-24/Data/Diabetic/DR1.jpeg
DR17.jpeg,Diabetic,/Users/asmitganguly/Developer/internships/UWaterloo-24/Data/Diabetic/DR17.jpeg
DR40.jpeg,Diabetic,/Users/asmitganguly/Developer/internships/UWaterloo-24/Data/Diabetic/DR40.jpeg
DR83.jpeg,Diabetic,/Users/asmitganguly/Developer/internships/UWaterloo-24/Data/Diabetic/DR83.jpeg
DR95.jpeg,Diabetic,/Users/asmitganguly/Developer/internships/UWaterloo-24/Data/Diabetic/DR95.jpeg
DR2.jpeg,Diabetic,/Users/asmitganguly/Developer/internships/UWaterloo-24/Data/Diabetic/DR2.jpeg
DR55.jpeg,Diabetic,/Users/asmitganguly/Developer/internships/UWaterloo-24/Data/Diabetic/DR55.jpeg
DR14.jpeg,Diabetic,/Users/asmitganguly/Developer/internships/UWaterloo-24/Data/Diabetic/DR14.jpeg
DR43.jpeg,Diabetic,/Users/asmitganguly/Developer/internships/UWaterloo-24/Data/Diabetic/DR43.jpeg
DR38.jpeg,Diabetic,/Users/asmitganguly/Developer/internships/UWaterloo-24/Data/Diabetic/DR38.jpeg
DR80.jpeg,Diabetic,/Users/asmitganguly/Developer/internships/UWaterloo-24/Data/Diabetic/DR80.jpeg
DR96.jpeg,Diabetic,/Users/asmitganguly/Developer/internships/UWaterloo-24/Data/Diabetic/DR96.jpeg
DR79.jpeg,Diabetic,/Users/asmitganguly/Developer/internships/UWaterloo-24/Data/Diabetic/DR79.jpeg
DR59.jpeg,Diabetic,/Users/asmitganguly/Developer/internships/UWaterloo-24/Data/Diabetic/DR59.jpeg
DR18.jpeg,Diabetic,/Users/asmitganguly/Developer/internships/UWaterloo-24/Data/Diabetic/DR18.jpeg
DR34.jpeg,Diabetic,/Users/asmitganguly/Developer/internships/UWaterloo-24/Data/Diabetic/DR34.jpeg
DR63.jpeg,Diabetic,/Users/asmitganguly/Developer/internships/UWaterloo-24/Data/Diabetic/DR63.jpeg
DR75.jpeg,Diabetic,/Users/asmitganguly/Developer/internships/UWaterloo-24/Data/Diabetic/DR75.jpeg
DR22.jpeg,Diabetic,/Users/asmitganguly/Developer/internships/UWaterloo-24/Data/Diabetic/DR22.jpeg
DR101.jpeg,Diabetic,/Users/asmitganguly/Developer/internships/UWaterloo-24/Data/Diabetic/DR101.jpeg
DR100.jpeg,Diabetic,/Users/asmitganguly/Developer/internships/UWaterloo-24/Data/Diabetic/DR100.jpeg
DR23.jpeg,Diabetic,/Users/asmitganguly/Developer/internships/UWaterloo-24/Data/Diabetic/DR23.jpeg
DR74.jpeg,Diabetic,/Users/asmitganguly/Developer/internships/UWaterloo-24/Data/Diabetic/DR74.jpeg
DR62.jpeg,Diabetic,/Users/asmitganguly/Developer/internships/UWaterloo-24/Data/Diabetic/DR62.jpeg
DR35.jpeg,Diabetic,/Users/asmitganguly/Developer/internships/UWaterloo-24/Data/Diabetic/DR35.jpeg
DR19.jpeg,Diabetic,/Users/asmitganguly/Developer/internships/UWaterloo-24/Data/Diabetic/DR19.jpeg
DR58.jpeg,Diabetic,/Users/asmitganguly/Developer/internships/UWaterloo-24/Data/Diabetic/DR58.jpeg
DR97.jpeg,Diabetic,/Users/asmitganguly/Developer/internships/UWaterloo-24/Data/Diabetic/DR97.jpeg
DR78.jpeg,Diabetic,/Users/asmitganguly/Developer/internships/UWaterloo-24/Data/Diabetic/DR78.jpeg
DR81.jpeg,Diabetic,/Users/asmitganguly/Developer/internships/UWaterloo-24/Data/Diabetic/DR81.jpeg
DR39.jpeg,Diabetic,/Users/asmitganguly/Developer/internships/UWaterloo-24/Data/Diabetic/DR39.jpeg
DR42.jpeg,Diabetic,/Users/asmitganguly/Developer/internships/UWaterloo-24/Data/Diabetic/DR42.jpeg
DR15.jpeg,Diabetic,/Users/asmitganguly/Developer/internships/UWaterloo-24/Data/Diabetic/DR15.jpeg
DR3.jpeg,Diabetic,/Users/asmitganguly/Developer/internships/UWaterloo-24/Data/Diabetic/DR3.jpeg
DR54.jpeg,Diabetic,/Users/asmitganguly/Developer/internships/UWaterloo-24/Data/Diabetic/DR54.jpeg
DR8.jpeg,Diabetic,/Users/asmitganguly/Developer/internships/UWaterloo-24/Data/Diabetic/DR8.jpeg
DR49.jpeg,Diabetic,/Users/asmitganguly/Developer/internships/UWaterloo-24/Data/Diabetic/DR49.jpeg
DR32.jpeg,Diabetic,/Users/asmitganguly/Developer/internships/UWaterloo-24/Data/Diabetic/DR32.jpeg
DR65.jpeg,Diabetic,/Users/asmitganguly/Developer/internships/UWaterloo-24/Data/Diabetic/DR65.jpeg
DR73.jpeg,Diabetic,/Users/asmitganguly/Developer/internships/UWaterloo-24/Data/Diabetic/DR73.jpeg
DR24.jpeg,Diabetic,/Users/asmitganguly/Developer/internships/UWaterloo-24/Data/Diabetic/DR24.jpeg
DR107.jpeg,Diabetic,/Users/asmitganguly/Developer/internships/UWaterloo-24/Data/Diabetic/DR107.jpeg
DR53.jpeg,Diabetic,/Users/asmitganguly/Developer/internships/UWaterloo-24/Data/Diabetic/DR53.jpeg
DR4.jpeg,Diabetic,/Users/asmitganguly/Developer/internships/UWaterloo-24/Data/Diabetic/DR4.jpeg
DR12.jpeg,Diabetic,/Users/asmitganguly/Developer/internships/UWaterloo-24/Data/Diabetic/DR12.jpeg
DR45.jpeg,Diabetic,/Users/asmitganguly/Developer/internships/UWaterloo-24/Data/Diabetic/DR45.jpeg
DR86.jpeg,Diabetic,/Users/asmitganguly/Developer/internships/UWaterloo-24/Data/Diabetic/DR86.jpeg
DR69.jpeg,Diabetic,/Users/asmitganguly/Developer/internships/UWaterloo-24/Data/Diabetic/DR69.jpeg
DR90.jpeg,Diabetic,/Users/asmitganguly/Developer/internships/UWaterloo-24/Data/Diabetic/DR90.jpeg
DR28.jpeg,Diabetic,/Users/asmitganguly/Developer/internships/UWaterloo-24/Data/Diabetic/DR28.jpeg
DR29.jpeg,Diabetic,/Users/asmitganguly/Developer/internships/UWaterloo-24/Data/Diabetic/DR29.jpeg
DR91.jpeg,Diabetic,/Users/asmitganguly/Developer/internships/UWaterloo-24/Data/Diabetic/DR91.jpeg
DR87.jpeg,Diabetic,/Users/asmitganguly/Developer/internships/UWaterloo-24/Data/Diabetic/DR87.jpeg
DR68.jpeg,Diabetic,/Users/asmitganguly/Developer/internships/UWaterloo-24/Data/Diabetic/DR68.jpeg
DR44.jpeg,Diabetic,/Users/asmitganguly/Developer/internships/UWaterloo-24/Data/Diabetic/DR44.jpeg
DR13.jpeg,Diabetic,/Users/asmitganguly/Developer/internships/UWaterloo-24/Data/Diabetic/DR13.jpeg
DR52.jpeg,Diabetic,/Users/asmitganguly/Developer/internships/UWaterloo-24/Data/Diabetic/DR52.jpeg
DR5.jpeg,Diabetic,/Users/asmitganguly/Developer/internships/UWaterloo-24/Data/Diabetic/DR5.jpeg
DR106.jpeg,Diabetic,/Users/asmitganguly/Developer/internships/UWaterloo-24/Data/Diabetic/DR106.jpeg
DR25.jpeg,Diabetic,/Users/asmitganguly/Developer/internships/UWaterloo-24/Data/Diabetic/DR25.jpeg
DR72.jpeg,Diabetic,/Users/asmitganguly/Developer/internships/UWaterloo-24/Data/Diabetic/DR72.jpeg
DR64.jpeg,Diabetic,/Users/asmitganguly/Developer/internships/UWaterloo-24/Data/Diabetic/DR64.jpeg
DR33.jpeg,Diabetic,/Users/asmitganguly/Developer/internships/UWaterloo-24/Data/Diabetic/DR33.jpeg
DR48.jpeg,Diabetic,/Users/asmitganguly/Developer/internships/UWaterloo-24/Data/Diabetic/DR48.jpeg
DR9.jpeg,Diabetic,/Users/asmitganguly/Developer/internships/UWaterloo-24/Data/Diabetic/DR9.jpeg
NORMAL67.jpeg,Normal,/Users/asmitganguly/Developer/internships/UWaterloo-24/Data/Normal/NORMAL67.jpeg
NORMAL177.jpeg,Normal,/Users/asmitganguly/Developer/internships/UWaterloo-24/Data/Normal/NORMAL177.jpeg
NORMAL198.jpeg,Normal,/Users/asmitganguly/Developer/internships/UWaterloo-24/Data/Normal/NORMAL198.jpeg
NORMAL88.jpeg,Normal,/Users/asmitganguly/Developer/internships/UWaterloo-24/Data/Normal/NORMAL88.jpeg
NORMAL120.jpeg,Normal,/Users/asmitganguly/Developer/internships/UWaterloo-24/Data/Normal/NORMAL120.jpeg
NORMAL30.jpeg,Normal,/Users/asmitganguly/Developer/internships/UWaterloo-24/Data/Normal/NORMAL30.jpeg
NORMAL26.jpeg,Normal,/Users/asmitganguly/Developer/internships/UWaterloo-24/Data/Normal/NORMAL26.jpeg
NORMAL136.jpeg,Normal,/Users/asmitganguly/Developer/internships/UWaterloo-24/Data/Normal/NORMAL136.jpeg
NORMAL161.jpeg,Normal,/Users/asmitganguly/Developer/internships/UWaterloo-24/Data/Normal/NORMAL161.jpeg
NORMAL71.jpeg,Normal,/Users/asmitganguly/Developer/internships/UWaterloo-24/Data/Normal/NORMAL71.jpeg
NORMAL84.jpeg,Normal,/Users/asmitganguly/Developer/internships/UWaterloo-24/Data/Normal/NORMAL84.jpeg
NORMAL194.jpeg,Normal,/Users/asmitganguly/Developer/internships/UWaterloo-24/Data/Normal/NORMAL194.jpeg
NORMAL205.jpeg,Normal,/Users/asmitganguly/Developer/internships/UWaterloo-24/Data/Normal/NORMAL205.jpeg
NORMAL182.jpeg,Normal,/Users/asmitganguly/Developer/internships/UWaterloo-24/Data/Normal/NORMAL182.jpeg
NORMAL92.jpeg,Normal,/Users/asmitganguly/Developer/internships/UWaterloo-24/Data/Normal/NORMAL92.jpeg
NORMAL116.jpeg,Normal,/Users/asmitganguly/Developer/internships/UWaterloo-24/Data/Normal/NORMAL116.jpeg
NORMAL141.jpeg,Normal,/Users/asmitganguly/Developer/internships/UWaterloo-24/Data/Normal/NORMAL141.jpeg
NORMAL51.jpeg,Normal,/Users/asmitganguly/Developer/internships/UWaterloo-24/Data/Normal/NORMAL51.jpeg
NORMAL47.jpeg,Normal,/Users/asmitganguly/Developer/internships/UWaterloo-24/Data/Normal/NORMAL47.jpeg
NORMAL157.jpeg,Normal,/Users/asmitganguly/Developer/internships/UWaterloo-24/Data/Normal/NORMAL157.jpeg
NORMAL100.jpeg,Normal,/Users/asmitganguly/Developer/internships/UWaterloo-24/Data/Normal/NORMAL100.jpeg
NORMAL10.jpeg,Normal,/Users/asmitganguly/Developer/internships/UWaterloo-24/Data/Normal/NORMAL10.jpeg
NORMAL101.jpeg,Normal,/Users/asmitganguly/Developer/internships/UWaterloo-24/Data/Normal/NORMAL101.jpeg
NORMAL11.jpeg,Normal,/Users/asmitganguly/Developer/internships/UWaterloo-24/Data/Normal/NORMAL11.jpeg
NORMAL46.jpeg,Normal,/Users/asmitganguly/Developer/internships/UWaterloo-24/Data/Normal/NORMAL46.jpeg
NORMAL156.jpeg,Normal,/Users/asmitganguly/Developer/internships/UWaterloo-24/Data/Normal/NORMAL156.jpeg
NORMAL140.jpeg,Normal,/Users/asmitganguly/Developer/internships/UWaterloo-24/Data/Normal/NORMAL140.jpeg
NORMAL50.jpeg,Normal,/Users/asmitganguly/Developer/internships/UWaterloo-24/Data/Normal/NORMAL50.jpeg
NORMAL117.jpeg,Normal,/Users/asmitganguly/Developer/internships/UWaterloo-24/Data/Normal/NORMAL117.jpeg
NORMAL183.jpeg,Normal,/Users/asmitganguly/Developer/internships/UWaterloo-24/Data/Normal/NORMAL183.jpeg
NORMAL93.jpeg,Normal,/Users/asmitganguly/Developer/internships/UWaterloo-24/Data/Normal/NORMAL93.jpeg
NORMAL204.jpeg,Normal,/Users/asmitganguly/Developer/internships/UWaterloo-24/Data/Normal/NORMAL204.jpeg
NORMAL85.jpeg,Normal,/Users/asmitganguly/Developer/internships/UWaterloo-24/Data/Normal/NORMAL85.jpeg
NORMAL195.jpeg,Normal,/Users/asmitganguly/Developer/internships/UWaterloo-24/Data/Normal/NORMAL195.jpeg
NORMAL1.jpeg,Normal,/Users/asmitganguly/Developer/internships/UWaterloo-24/Data/Normal/NORMAL1.jpeg
NORMAL160.jpeg,Normal,/Users/asmitganguly/Developer/internships/UWaterloo-24/Data/Normal/NORMAL160.jpeg
NORMAL70.jpeg,Normal,/Users/asmitganguly/Developer/internships/UWaterloo-24/Data/Normal/NORMAL70.jpeg
NORMAL27.jpeg,Normal,/Users/asmitganguly/Developer/internships/UWaterloo-24/Data/Normal/NORMAL27.jpeg
NORMAL137.jpeg,Normal,/Users/asmitganguly/Developer/internships/UWaterloo-24/Data/Normal/NORMAL137.jpeg
NORMAL121.jpeg,Normal,/Users/asmitganguly/Developer/internships/UWaterloo-24/Data/Normal/NORMAL121.jpeg
NORMAL31.jpeg,Normal,/Users/asmitganguly/Developer/internships/UWaterloo-24/Data/Normal/NORMAL31.jpeg
NORMAL66.jpeg,Normal,/Users/asmitganguly/Developer/internships/UWaterloo-24/Data/Normal/NORMAL66.jpeg
NORMAL176.jpeg,Normal,/Users/asmitganguly/Developer/internships/UWaterloo-24/Data/Normal/NORMAL176.jpeg
NORMAL199.jpeg,Normal,/Users/asmitganguly/Developer/internships/UWaterloo-24/Data/Normal/NORMAL199.jpeg
NORMAL89.jpeg,Normal,/Users/asmitganguly/Developer/internships/UWaterloo-24/Data/Normal/NORMAL89.jpeg
NORMAL82.jpeg,Normal,/Users/asmitganguly/Developer/internships/UWaterloo-24/Data/Normal/NORMAL82.jpeg
NORMAL192.jpeg,Normal,/Users/asmitganguly/Developer/internships/UWaterloo-24/Data/Normal/NORMAL192.jpeg
NORMAL203.jpeg,Normal,/Users/asmitganguly/Developer/internships/UWaterloo-24/Data/Normal/NORMAL203.jpeg
NORMAL184.jpeg,Normal,/Users/asmitganguly/Developer/internships/UWaterloo-24/Data/Normal/NORMAL184.jpeg
NORMAL94.jpeg,Normal,/Users/asmitganguly/Developer/internships/UWaterloo-24/Data/Normal/NORMAL94.jpeg
NORMAL110.jpeg,Normal,/Users/asmitganguly/Developer/internships/UWaterloo-24/Data/Normal/NORMAL110.jpeg
NORMAL147.jpeg,Normal,/Users/asmitganguly/Developer/internships/UWaterloo-24/Data/Normal/NORMAL147.jpeg
NORMAL57.jpeg,Normal,/Users/asmitganguly/Developer/internships/UWaterloo-24/Data/Normal/NORMAL57.jpeg
NORMAL41.jpeg,Normal,/Users/asmitganguly/Developer/internships/UWaterloo-24/Data/Normal/NORMAL41.jpeg
NORMAL151.jpeg,Normal,/Users/asmitganguly/Developer/internships/UWaterloo-24/Data/Normal/NORMAL151.jpeg
NORMAL106.jpeg,Normal,/Users/asmitganguly/Developer/internships/UWaterloo-24/Data/Normal/NORMAL106.jpeg
NORMAL16.jpeg,Normal,/Users/asmitganguly/Developer/internships/UWaterloo-24/Data/Normal/NORMAL16.jpeg
NORMAL61.jpeg,Normal,/Users/asmitganguly/Developer/internships/UWaterloo-24/Data/Normal/NORMAL61.jpeg
NORMAL171.jpeg,Normal,/Users/asmitganguly/Developer/internships/UWaterloo-24/Data/Normal/NORMAL171.jpeg
NORMAL126.jpeg,Normal,/Users/asmitganguly/Developer/internships/UWaterloo-24/Data/Normal/NORMAL126.jpeg
NORMAL36.jpeg,Normal,/Users/asmitganguly/Developer/internships/UWaterloo-24/Data/Normal/NORMAL36.jpeg
NORMAL20.jpeg,Normal,/Users/asmitganguly/Developer/internships/UWaterloo-24/Data/Normal/NORMAL20.jpeg
NORMAL130.jpeg,Normal,/Users/asmitganguly/Developer/internships/UWaterloo-24/Data/Normal/NORMAL130.jpeg
NORMAL167.jpeg,Normal,/Users/asmitganguly/Developer/internships/UWaterloo-24/Data/Normal/NORMAL167.jpeg
NORMAL77.jpeg,Normal,/Users/asmitganguly/Developer/internships/UWaterloo-24/Data/Normal/NORMAL77.jpeg
NORMAL98.jpeg,Normal,/Users/asmitganguly/Developer/internships/UWaterloo-24/Data/Normal/NORMAL98.jpeg
NORMAL188.jpeg,Normal,/Users/asmitganguly/Developer/internships/UWaterloo-24/Data/Normal/NORMAL188.jpeg
NORMAL6.jpeg,Normal,/Users/asmitganguly/Developer/internships/UWaterloo-24/Data/Normal/NORMAL6.jpeg
NORMAL7.jpeg,Normal,/Users/asmitganguly/Developer/internships/UWaterloo-24/Data/Normal/NORMAL7.jpeg
NORMAL166.jpeg,Normal,/Users/asmitganguly/Developer/internships/UWaterloo-24/Data/Normal/NORMAL166.jpeg
NORMAL76.jpeg,Normal,/Users/asmitganguly/Developer/internships/UWaterloo-24/Data/Normal/NORMAL76.jpeg
NORMAL99.jpeg,Normal,/Users/asmitganguly/Developer/internships/UWaterloo-24/Data/Normal/NORMAL99.jpeg
NORMAL189.jpeg,Normal,/Users/asmitganguly/Developer/internships/UWaterloo-24/Data/Normal/NORMAL189.jpeg
NORMAL21.jpeg,Normal,/Users/asmitganguly/Developer/internships/UWaterloo-24/Data/Normal/NORMAL21.jpeg
NORMAL131.jpeg,Normal,/Users/asmitganguly/Developer/internships/UWaterloo-24/Data/Normal/NORMAL131.jpeg
NORMAL127.jpeg,Normal,/Users/asmitganguly/Developer/internships/UWaterloo-24/Data/Normal/NORMAL127.jpeg
NORMAL37.jpeg,Normal,/Users/asmitganguly/Developer/internships/UWaterloo-24/Data/Normal/NORMAL37.jpeg
NORMAL60.jpeg,Normal,/Users/asmitganguly/Developer/internships/UWaterloo-24/Data/Normal/NORMAL60.jpeg
NORMAL170.jpeg,Normal,/Users/asmitganguly/Developer/internships/UWaterloo-24/Data/Normal/NORMAL170.jpeg
NORMAL107.jpeg,Normal,/Users/asmitganguly/Developer/internships/UWaterloo-24/Data/Normal/NORMAL107.jpeg
NORMAL17.jpeg,Normal,/Users/asmitganguly/Developer/internships/UWaterloo-24/Data/Normal/NORMAL17.jpeg
NORMAL40.jpeg,Normal,/Users/asmitganguly/Developer/internships/UWaterloo-24/Data/Normal/NORMAL40.jpeg
NORMAL150.jpeg,Normal,/Users/asmitganguly/Developer/internships/UWaterloo-24/Data/Normal/NORMAL150.jpeg
NORMAL146.jpeg,Normal,/Users/asmitganguly/Developer/internships/UWaterloo-24/Data/Normal/NORMAL146.jpeg
NORMAL56.jpeg,Normal,/Users/asmitganguly/Developer/internships/UWaterloo-24/Data/Normal/NORMAL56.jpeg
NORMAL111.jpeg,Normal,/Users/asmitganguly/Developer/internships/UWaterloo-24/Data/Normal/NORMAL111.jpeg
NORMAL185.jpeg,Normal,/Users/asmitganguly/Developer/internships/UWaterloo-24/Data/Normal/NORMAL185.jpeg
NORMAL95.jpeg,Normal,/Users/asmitganguly/Developer/internships/UWaterloo-24/Data/Normal/NORMAL95.jpeg
NORMAL202.jpeg,Normal,/Users/asmitganguly/Developer/internships/UWaterloo-24/Data/Normal/NORMAL202.jpeg
NORMAL83.jpeg,Normal,/Users/asmitganguly/Developer/internships/UWaterloo-24/Data/Normal/NORMAL83.jpeg
NORMAL193.jpeg,Normal,/Users/asmitganguly/Developer/internships/UWaterloo-24/Data/Normal/NORMAL193.jpeg
NORMAL104.jpeg,Normal,/Users/asmitganguly/Developer/internships/UWaterloo-24/Data/Normal/NORMAL104.jpeg
NORMAL14.jpeg,Normal,/Users/asmitganguly/Developer/internships/UWaterloo-24/Data/Normal/NORMAL14.jpeg
NORMAL43.jpeg,Normal,/Users/asmitganguly/Developer/internships/UWaterloo-24/Data/Normal/NORMAL43.jpeg
NORMAL153.jpeg,Normal,/Users/asmitganguly/Developer/internships/UWaterloo-24/Data/Normal/NORMAL153.jpeg
NORMAL8.jpeg,Normal,/Users/asmitganguly/Developer/internships/UWaterloo-24/Data/Normal/NORMAL8.jpeg
NORMAL145.jpeg,Normal,/Users/asmitganguly/Developer/internships/UWaterloo-24/Data/Normal/NORMAL145.jpeg
NORMAL55.jpeg,Normal,/Users/asmitganguly/Developer/internships/UWaterloo-24/Data/Normal/NORMAL55.jpeg
NORMAL112.jpeg,Normal,/Users/asmitganguly/Developer/internships/UWaterloo-24/Data/Normal/NORMAL112.jpeg
NORMAL186.jpeg,Normal,/Users/asmitganguly/Developer/internships/UWaterloo-24/Data/Normal/NORMAL186.jpeg
NORMAL96.jpeg,Normal,/Users/asmitganguly/Developer/internships/UWaterloo-24/Data/Normal/NORMAL96.jpeg
NORMAL79.jpeg,Normal,/Users/asmitganguly/Developer/internships/UWaterloo-24/Data/Normal/NORMAL79.jpeg
NORMAL169.jpeg,Normal,/Users/asmitganguly/Developer/internships/UWaterloo-24/Data/Normal/NORMAL169.jpeg
NORMAL38.jpeg,Normal,/Users/asmitganguly/Developer/internships/UWaterloo-24/Data/Normal/NORMAL38.jpeg
NORMAL128.jpeg,Normal,/Users/asmitganguly/Developer/internships/UWaterloo-24/Data/Normal/NORMAL128.jpeg
NORMAL201.jpeg,Normal,/Users/asmitganguly/Developer/internships/UWaterloo-24/Data/Normal/NORMAL201.jpeg
NORMAL80.jpeg,Normal,/Users/asmitganguly/Developer/internships/UWaterloo-24/Data/Normal/NORMAL80.jpeg
NORMAL190.jpeg,Normal,/Users/asmitganguly/Developer/internships/UWaterloo-24/Data/Normal/NORMAL190.jpeg
NORMAL18.jpeg,Normal,/Users/asmitganguly/Developer/internships/UWaterloo-24/Data/Normal/NORMAL18.jpeg
NORMAL108.jpeg,Normal,/Users/asmitganguly/Developer/internships/UWaterloo-24/Data/Normal/NORMAL108.jpeg
NORMAL4.jpeg,Normal,/Users/asmitganguly/Developer/internships/UWaterloo-24/Data/Normal/NORMAL4.jpeg
NORMAL59.jpeg,Normal,/Users/asmitganguly/Developer/internships/UWaterloo-24/Data/Normal/NORMAL59.jpeg
NORMAL149.jpeg,Normal,/Users/asmitganguly/Developer/internships/UWaterloo-24/Data/Normal/NORMAL149.jpeg
NORMAL165.jpeg,Normal,/Users/asmitganguly/Developer/internships/UWaterloo-24/Data/Normal/NORMAL165.jpeg
NORMAL75.jpeg,Normal,/Users/asmitganguly/Developer/internships/UWaterloo-24/Data/Normal/NORMAL75.jpeg
NORMAL22.jpeg,Normal,/Users/asmitganguly/Developer/internships/UWaterloo-24/Data/Normal/NORMAL22.jpeg
NORMAL132.jpeg,Normal,/Users/asmitganguly/Developer/internships/UWaterloo-24/Data/Normal/NORMAL132.jpeg
NORMAL124.jpeg,Normal,/Users/asmitganguly/Developer/internships/UWaterloo-24/Data/Normal/NORMAL124.jpeg
NORMAL34.jpeg,Normal,/Users/asmitganguly/Developer/internships/UWaterloo-24/Data/Normal/NORMAL34.jpeg
NORMAL63.jpeg,Normal,/Users/asmitganguly/Developer/internships/UWaterloo-24/Data/Normal/NORMAL63.jpeg
NORMAL173.jpeg,Normal,/Users/asmitganguly/Developer/internships/UWaterloo-24/Data/Normal/NORMAL173.jpeg
NORMAL62.jpeg,Normal,/Users/asmitganguly/Developer/internships/UWaterloo-24/Data/Normal/NORMAL62.jpeg
NORMAL172.jpeg,Normal,/Users/asmitganguly/Developer/internships/UWaterloo-24/Data/Normal/NORMAL172.jpeg
NORMAL125.jpeg,Normal,/Users/asmitganguly/Developer/internships/UWaterloo-24/Data/Normal/NORMAL125.jpeg
NORMAL35.jpeg,Normal,/Users/asmitganguly/Developer/internships/UWaterloo-24/Data/Normal/NORMAL35.jpeg
NORMAL23.jpeg,Normal,/Users/asmitganguly/Developer/internships/UWaterloo-24/Data/Normal/NORMAL23.jpeg
NORMAL133.jpeg,Normal,/Users/asmitganguly/Developer/internships/UWaterloo-24/Data/Normal/NORMAL133.jpeg
NORMAL164.jpeg,Normal,/Users/asmitganguly/Developer/internships/UWaterloo-24/Data/Normal/NORMAL164.jpeg
NORMAL74.jpeg,Normal,/Users/asmitganguly/Developer/internships/UWaterloo-24/Data/Normal/NORMAL74.jpeg
NORMAL58.jpeg,Normal,/Users/asmitganguly/Developer/internships/UWaterloo-24/Data/Normal/NORMAL58.jpeg
NORMAL148.jpeg,Normal,/Users/asmitganguly/Developer/internships/UWaterloo-24/Data/Normal/NORMAL148.jpeg
NORMAL5.jpeg,Normal,/Users/asmitganguly/Developer/internships/UWaterloo-24/Data/Normal/NORMAL5.jpeg
NORMAL19.jpeg,Normal,/Users/asmitganguly/Developer/internships/UWaterloo-24/Data/Normal/NORMAL19.jpeg
NORMAL109.jpeg,Normal,/Users/asmitganguly/Developer/internships/UWaterloo-24/Data/Normal/NORMAL109.jpeg
NORMAL81.jpeg,Normal,/Users/asmitganguly/Developer/internships/UWaterloo-24/Data/Normal/NORMAL81.jpeg
NORMAL191.jpeg,Normal,/Users/asmitganguly/Developer/internships/UWaterloo-24/Data/Normal/NORMAL191.jpeg
NORMAL200.jpeg,Normal,/Users/asmitganguly/Developer/internships/UWaterloo-24/Data/Normal/NORMAL200.jpeg
NORMAL39.jpeg,Normal,/Users/asmitganguly/Developer/internships/UWaterloo-24/Data/Normal/NORMAL39.jpeg
NORMAL129.jpeg,Normal,/Users/asmitganguly/Developer/internships/UWaterloo-24/Data/Normal/NORMAL129.jpeg
NORMAL187.jpeg,Normal,/Users/asmitganguly/Developer/internships/UWaterloo-24/Data/Normal/NORMAL187.jpeg
NORMAL97.jpeg,Normal,/Users/asmitganguly/Developer/internships/UWaterloo-24/Data/Normal/NORMAL97.jpeg
NORMAL78.jpeg,Normal,/Users/asmitganguly/Developer/internships/UWaterloo-24/Data/Normal/NORMAL78.jpeg
NORMAL168.jpeg,Normal,/Users/asmitganguly/Developer/internships/UWaterloo-24/Data/Normal/NORMAL168.jpeg
NORMAL113.jpeg,Normal,/Users/asmitganguly/Developer/internships/UWaterloo-24/Data/Normal/NORMAL113.jpeg
NORMAL144.jpeg,Normal,/Users/asmitganguly/Developer/internships/UWaterloo-24/Data/Normal/NORMAL144.jpeg
NORMAL54.jpeg,Normal,/Users/asmitganguly/Developer/internships/UWaterloo-24/Data/Normal/NORMAL54.jpeg
NORMAL9.jpeg,Normal,/Users/asmitganguly/Developer/internships/UWaterloo-24/Data/Normal/NORMAL9.jpeg
NORMAL42.jpeg,Normal,/Users/asmitganguly/Developer/internships/UWaterloo-24/Data/Normal/NORMAL42.jpeg
NORMAL152.jpeg,Normal,/Users/asmitganguly/Developer/internships/UWaterloo-24/Data/Normal/NORMAL152.jpeg
NORMAL105.jpeg,Normal,/Users/asmitganguly/Developer/internships/UWaterloo-24/Data/Normal/NORMAL105.jpeg
NORMAL15.jpeg,Normal,/Users/asmitganguly/Developer/internships/UWaterloo-24/Data/Normal/NORMAL15.jpeg
NORMAL2.jpeg,Normal,/Users/asmitganguly/Developer/internships/UWaterloo-24/Data/Normal/NORMAL2.jpeg
NORMAL159.jpeg,Normal,/Users/asmitganguly/Developer/internships/UWaterloo-24/Data/Normal/NORMAL159.jpeg
NORMAL49.jpeg,Normal,/Users/asmitganguly/Developer/internships/UWaterloo-24/Data/Normal/NORMAL49.jpeg
NORMAL118.jpeg,Normal,/Users/asmitganguly/Developer/internships/UWaterloo-24/Data/Normal/NORMAL118.jpeg
NORMAL163.jpeg,Normal,/Users/asmitganguly/Developer/internships/UWaterloo-24/Data/Normal/NORMAL163.jpeg
NORMAL73.jpeg,Normal,/Users/asmitganguly/Developer/internships/UWaterloo-24/Data/Normal/NORMAL73.jpeg
NORMAL24.jpeg,Normal,/Users/asmitganguly/Developer/internships/UWaterloo-24/Data/Normal/NORMAL24.jpeg
NORMAL134.jpeg,Normal,/Users/asmitganguly/Developer/internships/UWaterloo-24/Data/Normal/NORMAL134.jpeg
NORMAL122.jpeg,Normal,/Users/asmitganguly/Developer/internships/UWaterloo-24/Data/Normal/NORMAL122.jpeg
NORMAL32.jpeg,Normal,/Users/asmitganguly/Developer/internships/UWaterloo-24/Data/Normal/NORMAL32.jpeg
NORMAL65.jpeg,Normal,/Users/asmitganguly/Developer/internships/UWaterloo-24/Data/Normal/NORMAL65.jpeg
NORMAL175.jpeg,Normal,/Users/asmitganguly/Developer/internships/UWaterloo-24/Data/Normal/NORMAL175.jpeg
NORMAL102.jpeg,Normal,/Users/asmitganguly/Developer/internships/UWaterloo-24/Data/Normal/NORMAL102.jpeg
NORMAL12.jpeg,Normal,/Users/asmitganguly/Developer/internships/UWaterloo-24/Data/Normal/NORMAL12.jpeg
NORMAL45.jpeg,Normal,/Users/asmitganguly/Developer/internships/UWaterloo-24/Data/Normal/NORMAL45.jpeg
NORMAL155.jpeg,Normal,/Users/asmitganguly/Developer/internships/UWaterloo-24/Data/Normal/NORMAL155.jpeg
NORMAL143.jpeg,Normal,/Users/asmitganguly/Developer/internships/UWaterloo-24/Data/Normal/NORMAL143.jpeg
NORMAL53.jpeg,Normal,/Users/asmitganguly/Developer/internships/UWaterloo-24/Data/Normal/NORMAL53.jpeg
NORMAL114.jpeg,Normal,/Users/asmitganguly/Developer/internships/UWaterloo-24/Data/Normal/NORMAL114.jpeg
NORMAL180.jpeg,Normal,/Users/asmitganguly/Developer/internships/UWaterloo-24/Data/Normal/NORMAL180.jpeg
NORMAL90.jpeg,Normal,/Users/asmitganguly/Developer/internships/UWaterloo-24/Data/Normal/NORMAL90.jpeg
NORMAL138.jpeg,Normal,/Users/asmitganguly/Developer/internships/UWaterloo-24/Data/Normal/NORMAL138.jpeg
NORMAL28.jpeg,Normal,/Users/asmitganguly/Developer/internships/UWaterloo-24/Data/Normal/NORMAL28.jpeg
NORMAL86.jpeg,Normal,/Users/asmitganguly/Developer/internships/UWaterloo-24/Data/Normal/NORMAL86.jpeg
NORMAL196.jpeg,Normal,/Users/asmitganguly/Developer/internships/UWaterloo-24/Data/Normal/NORMAL196.jpeg
NORMAL179.jpeg,Normal,/Users/asmitganguly/Developer/internships/UWaterloo-24/Data/Normal/NORMAL179.jpeg
NORMAL69.jpeg,Normal,/Users/asmitganguly/Developer/internships/UWaterloo-24/Data/Normal/NORMAL69.jpeg
NORMAL87.jpeg,Normal,/Users/asmitganguly/Developer/internships/UWaterloo-24/Data/Normal/NORMAL87.jpeg
NORMAL197.jpeg,Normal,/Users/asmitganguly/Developer/internships/UWaterloo-24/Data/Normal/NORMAL197.jpeg
NORMAL178.jpeg,Normal,/Users/asmitganguly/Developer/internships/UWaterloo-24/Data/Normal/NORMAL178.jpeg
NORMAL68.jpeg,Normal,/Users/asmitganguly/Developer/internships/UWaterloo-24/Data/Normal/NORMAL68.jpeg
NORMAL206.jpeg,Normal,/Users/asmitganguly/Developer/internships/UWaterloo-24/Data/Normal/NORMAL206.jpeg
NORMAL139.jpeg,Normal,/Users/asmitganguly/Developer/internships/UWaterloo-24/Data/Normal/NORMAL139.jpeg
NORMAL29.jpeg,Normal,/Users/asmitganguly/Developer/internships/UWaterloo-24/Data/Normal/NORMAL29.jpeg
NORMAL181.jpeg,Normal,/Users/asmitganguly/Developer/internships/UWaterloo-24/Data/Normal/NORMAL181.jpeg
NORMAL91.jpeg,Normal,/Users/asmitganguly/Developer/internships/UWaterloo-24/Data/Normal/NORMAL91.jpeg
NORMAL115.jpeg,Normal,/Users/asmitganguly/Developer/internships/UWaterloo-24/Data/Normal/NORMAL115.jpeg
NORMAL142.jpeg,Normal,/Users/asmitganguly/Developer/internships/UWaterloo-24/Data/Normal/NORMAL142.jpeg
NORMAL52.jpeg,Normal,/Users/asmitganguly/Developer/internships/UWaterloo-24/Data/Normal/NORMAL52.jpeg
NORMAL44.jpeg,Normal,/Users/asmitganguly/Developer/internships/UWaterloo-24/Data/Normal/NORMAL44.jpeg
NORMAL154.jpeg,Normal,/Users/asmitganguly/Developer/internships/UWaterloo-24/Data/Normal/NORMAL154.jpeg
NORMAL103.jpeg,Normal,/Users/asmitganguly/Developer/internships/UWaterloo-24/Data/Normal/NORMAL103.jpeg
NORMAL13.jpeg,Normal,/Users/asmitganguly/Developer/internships/UWaterloo-24/Data/Normal/NORMAL13.jpeg
NORMAL64.jpeg,Normal,/Users/asmitganguly/Developer/internships/UWaterloo-24/Data/Normal/NORMAL64.jpeg
NORMAL174.jpeg,Normal,/Users/asmitganguly/Developer/internships/UWaterloo-24/Data/Normal/NORMAL174.jpeg
NORMAL123.jpeg,Normal,/Users/asmitganguly/Developer/internships/UWaterloo-24/Data/Normal/NORMAL123.jpeg
NORMAL33.jpeg,Normal,/Users/asmitganguly/Developer/internships/UWaterloo-24/Data/Normal/NORMAL33.jpeg
NORMAL25.jpeg,Normal,/Users/asmitganguly/Developer/internships/UWaterloo-24/Data/Normal/NORMAL25.jpeg
NORMAL135.jpeg,Normal,/Users/asmitganguly/Developer/internships/UWaterloo-24/Data/Normal/NORMAL135.jpeg
NORMAL162.jpeg,Normal,/Users/asmitganguly/Developer/internships/UWaterloo-24/Data/Normal/NORMAL162.jpeg
NORMAL72.jpeg,Normal,/Users/asmitganguly/Developer/internships/UWaterloo-24/Data/Normal/NORMAL72.jpeg
NORMAL119.jpeg,Normal,/Users/asmitganguly/Developer/internships/UWaterloo-24/Data/Normal/NORMAL119.jpeg
NORMAL158.jpeg,Normal,/Users/asmitganguly/Developer/internships/UWaterloo-24/Data/Normal/NORMAL158.jpeg
NORMAL48.jpeg,Normal,/Users/asmitganguly/Developer/internships/UWaterloo-24/Data/Normal/NORMAL48.jpeg
NORMAL3.jpeg,Normal,/Users/asmitganguly/Developer/internships/UWaterloo-24/Data/Normal/NORMAL3.jpeg
CSR7.jpeg,Central_serous,/Users/asmitganguly/Developer/internships/UWaterloo-24/Data/Central_serous/CSR7.jpeg
CSR77.jpeg,Central_serous,/Users/asmitganguly/Developer/internships/UWaterloo-24/Data/Central_serous/CSR77.jpeg
CSR98.jpeg,Central_serous,/Users/asmitganguly/Developer/internships/UWaterloo-24/Data/Central_serous/CSR98.jpeg
CSR20.jpeg,Central_serous,/Users/asmitganguly/Developer/internships/UWaterloo-24/Data/Central_serous/CSR20.jpeg
CSR36.jpeg,Central_serous,/Users/asmitganguly/Developer/internships/UWaterloo-24/Data/Central_serous/CSR36.jpeg
CSR61.jpeg,Central_serous,/Users/asmitganguly/Developer/internships/UWaterloo-24/Data/Central_serous/CSR61.jpeg
CSR16.jpeg,Central_serous,/Users/asmitganguly/Developer/internships/UWaterloo-24/Data/Central_serous/CSR16.jpeg
CSR41.jpeg,Central_serous,/Users/asmitganguly/Developer/internships/UWaterloo-24/Data/Central_serous/CSR41.jpeg
CSR57.jpeg,Central_serous,/Users/asmitganguly/Developer/internships/UWaterloo-24/Data/Central_serous/CSR57.jpeg
CSR94.jpeg,Central_serous,/Users/asmitganguly/Developer/internships/UWaterloo-24/Data/Central_serous/CSR94.jpeg
CSR82.jpeg,Central_serous,/Users/asmitganguly/Developer/internships/UWaterloo-24/Data/Central_serous/CSR82.jpeg
CSR83.jpeg,Central_serous,/Users/asmitganguly/Developer/internships/UWaterloo-24/Data/Central_serous/CSR83.jpeg
CSR95.jpeg,Central_serous,/Users/asmitganguly/Developer/internships/UWaterloo-24/Data/Central_serous/CSR95.jpeg
CSR56.jpeg,Central_serous,/Users/asmitganguly/Developer/internships/UWaterloo-24/Data/Central_serous/CSR56.jpeg
CSR40.jpeg,Central_serous,/Users/asmitganguly/Developer/internships/UWaterloo-24/Data/Central_serous/CSR40.jpeg
CSR17.jpeg,Central_serous,/Users/asmitganguly/Developer/internships/UWaterloo-24/Data/Central_serous/CSR17.jpeg
CSR60.jpeg,Central_serous,/Users/asmitganguly/Developer/internships/UWaterloo-24/Data/Central_serous/CSR60.jpeg
CSR37.jpeg,Central_serous,/Users/asmitganguly/Developer/internships/UWaterloo-24/Data/Central_serous/CSR37.jpeg
CSR21.jpeg,Central_serous,/Users/asmitganguly/Developer/internships/UWaterloo-24/Data/Central_serous/CSR21.jpeg
CSR76.jpeg,Central_serous,/Users/asmitganguly/Developer/internships/UWaterloo-24/Data/Central_serous/CSR76.jpeg
CSR99.jpeg,Central_serous,/Users/asmitganguly/Developer/internships/UWaterloo-24/Data/Central_serous/CSR99.jpeg
CSR6.jpeg,Central_serous,/Users/asmitganguly/Developer/internships/UWaterloo-24/Data/Central_serous/CSR6.jpeg
CSR10.jpeg,Central_serous,/Users/asmitganguly/Developer/internships/UWaterloo-24/Data/Central_serous/CSR10.jpeg
CSR47.jpeg,Central_serous,/Users/asmitganguly/Developer/internships/UWaterloo-24/Data/Central_serous/CSR47.jpeg
CSR51.jpeg,Central_serous,/Users/asmitganguly/Developer/internships/UWaterloo-24/Data/Central_serous/CSR51.jpeg
CSR92.jpeg,Central_serous,/Users/asmitganguly/Developer/internships/UWaterloo-24/Data/Central_serous/CSR92.jpeg
CSR100.jpeg,Central_serous,/Users/asmitganguly/Developer/internships/UWaterloo-24/Data/Central_serous/CSR100.jpeg
CSR84.jpeg,Central_serous,/Users/asmitganguly/Developer/internships/UWaterloo-24/Data/Central_serous/CSR84.jpeg
CSR1.jpeg,Central_serous,/Users/asmitganguly/Developer/internships/UWaterloo-24/Data/Central_serous/CSR1.jpeg
CSR71.jpeg,Central_serous,/Users/asmitganguly/Developer/internships/UWaterloo-24/Data/Central_serous/CSR71.jpeg
CSR26.jpeg,Central_serous,/Users/asmitganguly/Developer/internships/UWaterloo-24/Data/Central_serous/CSR26.jpeg
CSR30.jpeg,Central_serous,/Users/asmitganguly/Developer/internships/UWaterloo-24/Data/Central_serous/CSR30.jpeg
CSR67.jpeg,Central_serous,/Users/asmitganguly/Developer/internships/UWaterloo-24/Data/Central_serous/CSR67.jpeg
CSR88.jpeg,Central_serous,/Users/asmitganguly/Developer/internships/UWaterloo-24/Data/Central_serous/CSR88.jpeg
CSR66.jpeg,Central_serous,/Users/asmitganguly/Developer/internships/UWaterloo-24/Data/Central_serous/CSR66.jpeg
CSR89.jpeg,Central_serous,/Users/asmitganguly/Developer/internships/UWaterloo-24/Data/Central_serous/CSR89.jpeg
CSR31.jpeg,Central_serous,/Users/asmitganguly/Developer/internships/UWaterloo-24/Data/Central_serous/CSR31.jpeg
CSR27.jpeg,Central_serous,/Users/asmitganguly/Developer/internships/UWaterloo-24/Data/Central_serous/CSR27.jpeg
CSR70.jpeg,Central_serous,/Users/asmitganguly/Developer/internships/UWaterloo-24/Data/Central_serous/CSR70.jpeg
CSR85.jpeg,Central_serous,/Users/asmitganguly/Developer/internships/UWaterloo-24/Data/Central_serous/CSR85.jpeg
CSR101.jpeg,Central_serous,/Users/asmitganguly/Developer/internships/UWaterloo-24/Data/Central_serous/CSR101.jpeg
CSR93.jpeg,Central_serous,/Users/asmitganguly/Developer/internships/UWaterloo-24/Data/Central_serous/CSR93.jpeg
CSR50.jpeg,Central_serous,/Users/asmitganguly/Developer/internships/UWaterloo-24/Data/Central_serous/CSR50.jpeg
CSR46.jpeg,Central_serous,/Users/asmitganguly/Developer/internships/UWaterloo-24/Data/Central_serous/CSR46.jpeg
CSR11.jpeg,Central_serous,/Users/asmitganguly/Developer/internships/UWaterloo-24/Data/Central_serous/CSR11.jpeg
CSR86.jpeg,Central_serous,/Users/asmitganguly/Developer/internships/UWaterloo-24/Data/Central_serous/CSR86.jpeg
CSR69.jpeg,Central_serous,/Users/asmitganguly/Developer/internships/UWaterloo-24/Data/Central_serous/CSR69.jpeg
CSR102.jpeg,Central_serous,/Users/asmitganguly/Developer/internships/UWaterloo-24/Data/Central_serous/CSR102.jpeg
CSR28.jpeg,Central_serous,/Users/asmitganguly/Developer/internships/UWaterloo-24/Data/Central_serous/CSR28.jpeg
CSR90.jpeg,Central_serous,/Users/asmitganguly/Developer/internships/UWaterloo-24/Data/Central_serous/CSR90.jpeg
CSR53.jpeg,Central_serous,/Users/asmitganguly/Developer/internships/UWaterloo-24/Data/Central_serous/CSR53.jpeg
CSR45.jpeg,Central_serous,/Users/asmitganguly/Developer/internships/UWaterloo-24/Data/Central_serous/CSR45.jpeg
CSR12.jpeg,Central_serous,/Users/asmitganguly/Developer/internships/UWaterloo-24/Data/Central_serous/CSR12.jpeg
CSR65.jpeg,Central_serous,/Users/asmitganguly/Developer/internships/UWaterloo-24/Data/Central_serous/CSR65.jpeg
CSR32.jpeg,Central_serous,/Users/asmitganguly/Developer/internships/UWaterloo-24/Data/Central_serous/CSR32.jpeg
CSR24.jpeg,Central_serous,/Users/asmitganguly/Developer/internships/UWaterloo-24/Data/Central_serous/CSR24.jpeg
CSR73.jpeg,Central_serous,/Users/asmitganguly/Developer/internships/UWaterloo-24/Data/Central_serous/CSR73.jpeg
CSR3.jpeg,Central_serous,/Users/asmitganguly/Developer/internships/UWaterloo-24/Data/Central_serous/CSR3.jpeg
CSR49.jpeg,Central_serous,/Users/asmitganguly/Developer/internships/UWaterloo-24/Data/Central_serous/CSR49.jpeg
CSR48.jpeg,Central_serous,/Users/asmitganguly/Developer/internships/UWaterloo-24/Data/Central_serous/CSR48.jpeg
CSR2.jpeg,Central_serous,/Users/asmitganguly/Developer/internships/UWaterloo-24/Data/Central_serous/CSR2.jpeg
CSR72.jpeg,Central_serous,/Users/asmitganguly/Developer/internships/UWaterloo-24/Data/Central_serous/CSR72.jpeg
CSR25.jpeg,Central_serous,/Users/asmitganguly/Developer/internships/UWaterloo-24/Data/Central_serous/CSR25.jpeg
CSR33.jpeg,Central_serous,/Users/asmitganguly/Developer/internships/UWaterloo-24/Data/Central_serous/CSR33.jpeg
CSR64.jpeg,Central_serous,/Users/asmitganguly/Developer/internships/UWaterloo-24/Data/Central_serous/CSR64.jpeg
CSR13.jpeg,Central_serous,/Users/asmitganguly/Developer/internships/UWaterloo-24/Data/Central_serous/CSR13.jpeg
CSR44.jpeg,Central_serous,/Users/asmitganguly/Developer/internships/UWaterloo-24/Data/Central_serous/CSR44.jpeg
CSR52.jpeg,Central_serous,/Users/asmitganguly/Developer/internships/UWaterloo-24/Data/Central_serous/CSR52.jpeg
CSR91.jpeg,Central_serous,/Users/asmitganguly/Developer/internships/UWaterloo-24/Data/Central_serous/CSR91.jpeg
CSR29.jpeg,Central_serous,/Users/asmitganguly/Developer/internships/UWaterloo-24/Data/Central_serous/CSR29.jpeg
CSR87.jpeg,Central_serous,/Users/asmitganguly/Developer/internships/UWaterloo-24/Data/Central_serous/CSR87.jpeg
CSR68.jpeg,Central_serous,/Users/asmitganguly/Developer/internships/UWaterloo-24/Data/Central_serous/CSR68.jpeg
CSR63.jpeg,Central_serous,/Users/asmitganguly/Developer/internships/UWaterloo-24/Data/Central_serous/CSR63.jpeg
CSR34.jpeg,Central_serous,/Users/asmitganguly/Developer/internships/UWaterloo-24/Data/Central_serous/CSR34.jpeg
CSR22.jpeg,Central_serous,/Users/asmitganguly/Developer/internships/UWaterloo-24/Data/Central_serous/CSR22.jpeg
CSR75.jpeg,Central_serous,/Users/asmitganguly/Developer/internships/UWaterloo-24/Data/Central_serous/CSR75.jpeg
CSR5.jpeg,Central_serous,/Users/asmitganguly/Developer/internships/UWaterloo-24/Data/Central_serous/CSR5.jpeg
CSR59.jpeg,Central_serous,/Users/asmitganguly/Developer/internships/UWaterloo-24/Data/Central_serous/CSR59.jpeg
CSR18.jpeg,Central_serous,/Users/asmitganguly/Developer/internships/UWaterloo-24/Data/Central_serous/CSR18.jpeg
CSR80.jpeg,Central_serous,/Users/asmitganguly/Developer/internships/UWaterloo-24/Data/Central_serous/CSR80.jpeg
CSR38.jpeg,Central_serous,/Users/asmitganguly/Developer/internships/UWaterloo-24/Data/Central_serous/CSR38.jpeg
CSR96.jpeg,Central_serous,/Users/asmitganguly/Developer/internships/UWaterloo-24/Data/Central_serous/CSR96.jpeg
CSR79.jpeg,Central_serous,/Users/asmitganguly/Developer/internships/UWaterloo-24/Data/Central_serous/CSR79.jpeg
CSR9.jpeg,Central_serous,/Users/asmitganguly/Developer/internships/UWaterloo-24/Data/Central_serous/CSR9.jpeg
CSR55.jpeg,Central_serous,/Users/asmitganguly/Developer/internships/UWaterloo-24/Data/Central_serous/CSR55.jpeg
CSR43.jpeg,Central_serous,/Users/asmitganguly/Developer/internships/UWaterloo-24/Data/Central_serous/CSR43.jpeg
CSR14.jpeg,Central_serous,/Users/asmitganguly/Developer/internships/UWaterloo-24/Data/Central_serous/CSR14.jpeg
CSR15.jpeg,Central_serous,/Users/asmitganguly/Developer/internships/UWaterloo-24/Data/Central_serous/CSR15.jpeg
CSR42.jpeg,Central_serous,/Users/asmitganguly/Developer/internships/UWaterloo-24/Data/Central_serous/CSR42.jpeg
CSR54.jpeg,Central_serous,/Users/asmitganguly/Developer/internships/UWaterloo-24/Data/Central_serous/CSR54.jpeg
CSR8.jpeg,Central_serous,/Users/asmitganguly/Developer/internships/UWaterloo-24/Data/Central_serous/CSR8.jpeg
CSR97.jpeg,Central_serous,/Users/asmitganguly/Developer/internships/UWaterloo-24/Data/Central_serous/CSR97.jpeg
CSR78.jpeg,Central_serous,/Users/asmitganguly/Developer/internships/UWaterloo-24/Data/Central_serous/CSR78.jpeg
CSR39.jpeg,Central_serous,/Users/asmitganguly/Developer/internships/UWaterloo-24/Data/Central_serous/CSR39.jpeg
CSR81.jpeg,Central_serous,/Users/asmitganguly/Developer/internships/UWaterloo-24/Data/Central_serous/CSR81.jpeg
CSR19.jpeg,Central_serous,/Users/asmitganguly/Developer/internships/UWaterloo-24/Data/Central_serous/CSR19.jpeg
CSR58.jpeg,Central_serous,/Users/asmitganguly/Developer/internships/UWaterloo-24/Data/Central_serous/CSR58.jpeg
CSR4.jpeg,Central_serous,/Users/asmitganguly/Developer/internships/UWaterloo-24/Data/Central_serous/CSR4.jpeg
CSR74.jpeg,Central_serous,/Users/asmitganguly/Developer/internships/UWaterloo-24/Data/Central_serous/CSR74.jpeg
CSR23.jpeg,Central_serous,/Users/asmitganguly/Developer/internships/UWaterloo-24/Data/Central_serous/CSR23.jpeg
CSR35.jpeg,Central_serous,/Users/asmitganguly/Developer/internships/UWaterloo-24/Data/Central_serous/CSR35.jpeg
CSR62.jpeg,Central_serous,/Users/asmitganguly/Developer/internships/UWaterloo-24/Data/Central_serous/CSR62.jpeg
