file_name,path,class
AMRD46.jpeg,/Users/asmitganguly/Developer/internships/UWaterloo-24/Data/Age_related_Macular_Degeneration/AMRD46.jpeg,Age_related_Macular_Degeneration
CSR57.jpeg,/Users/asmitganguly/Developer/internships/UWaterloo-24/Data/Central_serous/CSR57.jpeg,Central_serous
DR27.jpeg,/Users/asmitganguly/Developer/internships/UWaterloo-24/Data/Diabetic/DR27.jpeg,Diabetic
CSR9.jpeg,/Users/asmitganguly/Developer/internships/UWaterloo-24/Data/Central_serous/CSR9.jpeg,Central_serous
DR19.jpeg,/Users/asmitganguly/Developer/internships/UWaterloo-24/Data/Diabetic/DR19.jpeg,Diabetic
CSR32.jpeg,/Users/asmitganguly/Developer/internships/UWaterloo-24/Data/Central_serous/CSR32.jpeg,Central_serous
MH26.jpeg,/Users/asmitganguly/Developer/internships/UWaterloo-24/Data/Macular_Hole/MH26.jpeg,Macular_Hole
NORMAL163.jpeg,/Users/asmitganguly/Developer/internships/UWaterloo-24/Data/Normal/NORMAL163.jpeg,Normal
MH5.jpeg,/Users/asmitganguly/Developer/internships/UWaterloo-24/Data/Macular_Hole/MH5.jpeg,Macular_Hole
AMRD30.jpeg,/Users/asmitganguly/Developer/internships/UWaterloo-24/Data/Age_related_Macular_Degeneration/AMRD30.jpeg,Age_related_Macular_Degeneration
DR104.jpeg,/Users/asmitganguly/Developer/internships/UWaterloo-24/Data/Diabetic/DR104.jpeg,Diabetic
NORMAL53.jpeg,/Users/asmitganguly/Developer/internships/UWaterloo-24/Data/Normal/NORMAL53.jpeg,Normal
CSR98.jpeg,/Users/asmitganguly/Developer/internships/UWaterloo-24/Data/Central_serous/CSR98.jpeg,Central_serous
CSR55.jpeg,/Users/asmitganguly/Developer/internships/UWaterloo-24/Data/Central_serous/CSR55.jpeg,Central_serous
NORMAL124.jpeg,/Users/asmitganguly/Developer/internships/UWaterloo-24/Data/Normal/NORMAL124.jpeg,Normal
NORMAL93.jpeg,/Users/asmitganguly/Developer/internships/UWaterloo-24/Data/Normal/NORMAL93.jpeg,Normal
MH21.jpeg,/Users/asmitganguly/Developer/internships/UWaterloo-24/Data/Macular_Hole/MH21.jpeg,Macular_Hole
AMRD29.jpeg,/Users/asmitganguly/Developer/internships/UWaterloo-24/Data/Age_related_Macular_Degeneration/AMRD29.jpeg,Age_related_Macular_Degeneration
CSR1.jpeg,/Users/asmitganguly/Developer/internships/UWaterloo-24/Data/Central_serous/CSR1.jpeg,Central_serous
NORMAL97.jpeg,/Users/asmitganguly/Developer/internships/UWaterloo-24/Data/Normal/NORMAL97.jpeg,Normal
DR93.jpeg,/Users/asmitganguly/Developer/internships/UWaterloo-24/Data/Diabetic/DR93.jpeg,Diabetic
MH6.jpeg,/Users/asmitganguly/Developer/internships/UWaterloo-24/Data/Macular_Hole/MH6.jpeg,Macular_Hole
NORMAL171.jpeg,/Users/asmitganguly/Developer/internships/UWaterloo-24/Data/Normal/NORMAL171.jpeg,Normal
DR4.jpeg,/Users/asmitganguly/Developer/internships/UWaterloo-24/Data/Diabetic/DR4.jpeg,Diabetic
NORMAL158.jpeg,/Users/asmitganguly/Developer/internships/UWaterloo-24/Data/Normal/NORMAL158.jpeg,Normal
NORMAL32.jpeg,/Users/asmitganguly/Developer/internships/UWaterloo-24/Data/Normal/NORMAL32.jpeg,Normal
DR50.jpeg,/Users/asmitganguly/Developer/internships/UWaterloo-24/Data/Diabetic/DR50.jpeg,Diabetic
DR3.jpeg,/Users/asmitganguly/Developer/internships/UWaterloo-24/Data/Diabetic/DR3.jpeg,Diabetic
NORMAL91.jpeg,/Users/asmitganguly/Developer/internships/UWaterloo-24/Data/Normal/NORMAL91.jpeg,Normal
CSR56.jpeg,/Users/asmitganguly/Developer/internships/UWaterloo-24/Data/Central_serous/CSR56.jpeg,Central_serous
NORMAL19.jpeg,/Users/asmitganguly/Developer/internships/UWaterloo-24/Data/Normal/NORMAL19.jpeg,Normal
NORMAL143.jpeg,/Users/asmitganguly/Developer/internships/UWaterloo-24/Data/Normal/NORMAL143.jpeg,Normal
AMRD16.jpeg,/Users/asmitganguly/Developer/internships/UWaterloo-24/Data/Age_related_Macular_Degeneration/AMRD16.jpeg,Age_related_Macular_Degeneration
NORMAL26.jpeg,/Users/asmitganguly/Developer/internships/UWaterloo-24/Data/Normal/NORMAL26.jpeg,Normal
NORMAL127.jpeg,/Users/asmitganguly/Developer/internships/UWaterloo-24/Data/Normal/NORMAL127.jpeg,Normal
CSR76.jpeg,/Users/asmitganguly/Developer/internships/UWaterloo-24/Data/Central_serous/CSR76.jpeg,Central_serous
MH10.jpeg,/Users/asmitganguly/Developer/internships/UWaterloo-24/Data/Macular_Hole/MH10.jpeg,Macular_Hole
DR8.jpeg,/Users/asmitganguly/Developer/internships/UWaterloo-24/Data/Diabetic/DR8.jpeg,Diabetic
CSR85.jpeg,/Users/asmitganguly/Developer/internships/UWaterloo-24/Data/Central_serous/CSR85.jpeg,Central_serous
NORMAL141.jpeg,/Users/asmitganguly/Developer/internships/UWaterloo-24/Data/Normal/NORMAL141.jpeg,Normal
CSR48.jpeg,/Users/asmitganguly/Developer/internships/UWaterloo-24/Data/Central_serous/CSR48.jpeg,Central_serous
DR23.jpeg,/Users/asmitganguly/Developer/internships/UWaterloo-24/Data/Diabetic/DR23.jpeg,Diabetic
AMRD18.jpeg,/Users/asmitganguly/Developer/internships/UWaterloo-24/Data/Age_related_Macular_Degeneration/AMRD18.jpeg,Age_related_Macular_Degeneration
AMRD35.jpeg,/Users/asmitganguly/Developer/internships/UWaterloo-24/Data/Age_related_Macular_Degeneration/AMRD35.jpeg,Age_related_Macular_Degeneration
DR43.jpeg,/Users/asmitganguly/Developer/internships/UWaterloo-24/Data/Diabetic/DR43.jpeg,Diabetic
DR21.jpeg,/Users/asmitganguly/Developer/internships/UWaterloo-24/Data/Diabetic/DR21.jpeg,Diabetic
NORMAL137.jpeg,/Users/asmitganguly/Developer/internships/UWaterloo-24/Data/Normal/NORMAL137.jpeg,Normal
DR84.jpeg,/Users/asmitganguly/Developer/internships/UWaterloo-24/Data/Diabetic/DR84.jpeg,Diabetic
NORMAL11.jpeg,/Users/asmitganguly/Developer/internships/UWaterloo-24/Data/Normal/NORMAL11.jpeg,Normal
DR70.jpeg,/Users/asmitganguly/Developer/internships/UWaterloo-24/Data/Diabetic/DR70.jpeg,Diabetic
CSR99.jpeg,/Users/asmitganguly/Developer/internships/UWaterloo-24/Data/Central_serous/CSR99.jpeg,Central_serous
DR7.jpeg,/Users/asmitganguly/Developer/internships/UWaterloo-24/Data/Diabetic/DR7.jpeg,Diabetic
MH101.jpeg,/Users/asmitganguly/Developer/internships/UWaterloo-24/Data/Macular_Hole/MH101.jpeg,Macular_Hole
NORMAL40.jpeg,/Users/asmitganguly/Developer/internships/UWaterloo-24/Data/Normal/NORMAL40.jpeg,Normal
NORMAL191.jpeg,/Users/asmitganguly/Developer/internships/UWaterloo-24/Data/Normal/NORMAL191.jpeg,Normal
CSR28.jpeg,/Users/asmitganguly/Developer/internships/UWaterloo-24/Data/Central_serous/CSR28.jpeg,Central_serous
MH20.jpeg,/Users/asmitganguly/Developer/internships/UWaterloo-24/Data/Macular_Hole/MH20.jpeg,Macular_Hole
MH65.jpeg,/Users/asmitganguly/Developer/internships/UWaterloo-24/Data/Macular_Hole/MH65.jpeg,Macular_Hole
NORMAL112.jpeg,/Users/asmitganguly/Developer/internships/UWaterloo-24/Data/Normal/NORMAL112.jpeg,Normal
NORMAL63.jpeg,/Users/asmitganguly/Developer/internships/UWaterloo-24/Data/Normal/NORMAL63.jpeg,Normal
DR89.jpeg,/Users/asmitganguly/Developer/internships/UWaterloo-24/Data/Diabetic/DR89.jpeg,Diabetic
NORMAL118.jpeg,/Users/asmitganguly/Developer/internships/UWaterloo-24/Data/Normal/NORMAL118.jpeg,Normal
MH71.jpeg,/Users/asmitganguly/Developer/internships/UWaterloo-24/Data/Macular_Hole/MH71.jpeg,Macular_Hole
CSR93.jpeg,/Users/asmitganguly/Developer/internships/UWaterloo-24/Data/Central_serous/CSR93.jpeg,Central_serous
DR65.jpeg,/Users/asmitganguly/Developer/internships/UWaterloo-24/Data/Diabetic/DR65.jpeg,Diabetic
MH37.jpeg,/Users/asmitganguly/Developer/internships/UWaterloo-24/Data/Macular_Hole/MH37.jpeg,Macular_Hole
CSR102.jpeg,/Users/asmitganguly/Developer/internships/UWaterloo-24/Data/Central_serous/CSR102.jpeg,Central_serous
NORMAL39.jpeg,/Users/asmitganguly/Developer/internships/UWaterloo-24/Data/Normal/NORMAL39.jpeg,Normal
DR58.jpeg,/Users/asmitganguly/Developer/internships/UWaterloo-24/Data/Diabetic/DR58.jpeg,Diabetic
MH43.jpeg,/Users/asmitganguly/Developer/internships/UWaterloo-24/Data/Macular_Hole/MH43.jpeg,Macular_Hole
MH13.jpeg,/Users/asmitganguly/Developer/internships/UWaterloo-24/Data/Macular_Hole/MH13.jpeg,Macular_Hole
MH78.jpeg,/Users/asmitganguly/Developer/internships/UWaterloo-24/Data/Macular_Hole/MH78.jpeg,Macular_Hole
DR24.jpeg,/Users/asmitganguly/Developer/internships/UWaterloo-24/Data/Diabetic/DR24.jpeg,Diabetic
MH36.jpeg,/Users/asmitganguly/Developer/internships/UWaterloo-24/Data/Macular_Hole/MH36.jpeg,Macular_Hole
DR62.jpeg,/Users/asmitganguly/Developer/internships/UWaterloo-24/Data/Diabetic/DR62.jpeg,Diabetic
DR82.jpeg,/Users/asmitganguly/Developer/internships/UWaterloo-24/Data/Diabetic/DR82.jpeg,Diabetic
AMRD48.jpeg,/Users/asmitganguly/Developer/internships/UWaterloo-24/Data/Age_related_Macular_Degeneration/AMRD48.jpeg,Age_related_Macular_Degeneration
NORMAL46.jpeg,/Users/asmitganguly/Developer/internships/UWaterloo-24/Data/Normal/NORMAL46.jpeg,Normal
NORMAL116.jpeg,/Users/asmitganguly/Developer/internships/UWaterloo-24/Data/Normal/NORMAL116.jpeg,Normal
CSR22.jpeg,/Users/asmitganguly/Developer/internships/UWaterloo-24/Data/Central_serous/CSR22.jpeg,Central_serous
AMRD1.jpeg,/Users/asmitganguly/Developer/internships/UWaterloo-24/Data/Age_related_Macular_Degeneration/AMRD1.jpeg,Age_related_Macular_Degeneration
CSR14.jpeg,/Users/asmitganguly/Developer/internships/UWaterloo-24/Data/Central_serous/CSR14.jpeg,Central_serous
CSR42.jpeg,/Users/asmitganguly/Developer/internships/UWaterloo-24/Data/Central_serous/CSR42.jpeg,Central_serous
MH16.jpeg,/Users/asmitganguly/Developer/internships/UWaterloo-24/Data/Macular_Hole/MH16.jpeg,Macular_Hole
AMRD31.jpeg,/Users/asmitganguly/Developer/internships/UWaterloo-24/Data/Age_related_Macular_Degeneration/AMRD31.jpeg,Age_related_Macular_Degeneration
CSR10.jpeg,/Users/asmitganguly/Developer/internships/UWaterloo-24/Data/Central_serous/CSR10.jpeg,Central_serous
DR67.jpeg,/Users/asmitganguly/Developer/internships/UWaterloo-24/Data/Diabetic/DR67.jpeg,Diabetic
NORMAL85.jpeg,/Users/asmitganguly/Developer/internships/UWaterloo-24/Data/Normal/NORMAL85.jpeg,Normal
MH4.jpeg,/Users/asmitganguly/Developer/internships/UWaterloo-24/Data/Macular_Hole/MH4.jpeg,Macular_Hole
MH15.jpeg,/Users/asmitganguly/Developer/internships/UWaterloo-24/Data/Macular_Hole/MH15.jpeg,Macular_Hole
AMRD49.jpeg,/Users/asmitganguly/Developer/internships/UWaterloo-24/Data/Age_related_Macular_Degeneration/AMRD49.jpeg,Age_related_Macular_Degeneration
DR88.jpeg,/Users/asmitganguly/Developer/internships/UWaterloo-24/Data/Diabetic/DR88.jpeg,Diabetic
DR51.jpeg,/Users/asmitganguly/Developer/internships/UWaterloo-24/Data/Diabetic/DR51.jpeg,Diabetic
DR78.jpeg,/Users/asmitganguly/Developer/internships/UWaterloo-24/Data/Diabetic/DR78.jpeg,Diabetic
CSR17.jpeg,/Users/asmitganguly/Developer/internships/UWaterloo-24/Data/Central_serous/CSR17.jpeg,Central_serous
CSR27.jpeg,/Users/asmitganguly/Developer/internships/UWaterloo-24/Data/Central_serous/CSR27.jpeg,Central_serous
MH56.jpeg,/Users/asmitganguly/Developer/internships/UWaterloo-24/Data/Macular_Hole/MH56.jpeg,Macular_Hole
MH59.jpeg,/Users/asmitganguly/Developer/internships/UWaterloo-24/Data/Macular_Hole/MH59.jpeg,Macular_Hole
NORMAL51.jpeg,/Users/asmitganguly/Developer/internships/UWaterloo-24/Data/Normal/NORMAL51.jpeg,Normal
NORMAL198.jpeg,/Users/asmitganguly/Developer/internships/UWaterloo-24/Data/Normal/NORMAL198.jpeg,Normal
NORMAL133.jpeg,/Users/asmitganguly/Developer/internships/UWaterloo-24/Data/Normal/NORMAL133.jpeg,Normal
MH52.jpeg,/Users/asmitganguly/Developer/internships/UWaterloo-24/Data/Macular_Hole/MH52.jpeg,Macular_Hole
AMRD6.jpeg,/Users/asmitganguly/Developer/internships/UWaterloo-24/Data/Age_related_Macular_Degeneration/AMRD6.jpeg,Age_related_Macular_Degeneration
NORMAL43.jpeg,/Users/asmitganguly/Developer/internships/UWaterloo-24/Data/Normal/NORMAL43.jpeg,Normal
DR98.jpeg,/Users/asmitganguly/Developer/internships/UWaterloo-24/Data/Diabetic/DR98.jpeg,Diabetic
MH80.jpeg,/Users/asmitganguly/Developer/internships/UWaterloo-24/Data/Macular_Hole/MH80.jpeg,Macular_Hole
CSR73.jpeg,/Users/asmitganguly/Developer/internships/UWaterloo-24/Data/Central_serous/CSR73.jpeg,Central_serous
MH79.jpeg,/Users/asmitganguly/Developer/internships/UWaterloo-24/Data/Macular_Hole/MH79.jpeg,Macular_Hole
NORMAL29.jpeg,/Users/asmitganguly/Developer/internships/UWaterloo-24/Data/Normal/NORMAL29.jpeg,Normal
NORMAL89.jpeg,/Users/asmitganguly/Developer/internships/UWaterloo-24/Data/Normal/NORMAL89.jpeg,Normal
CSR94.jpeg,/Users/asmitganguly/Developer/internships/UWaterloo-24/Data/Central_serous/CSR94.jpeg,Central_serous
NORMAL182.jpeg,/Users/asmitganguly/Developer/internships/UWaterloo-24/Data/Normal/NORMAL182.jpeg,Normal
CSR51.jpeg,/Users/asmitganguly/Developer/internships/UWaterloo-24/Data/Central_serous/CSR51.jpeg,Central_serous
DR99.jpeg,/Users/asmitganguly/Developer/internships/UWaterloo-24/Data/Diabetic/DR99.jpeg,Diabetic
NORMAL8.jpeg,/Users/asmitganguly/Developer/internships/UWaterloo-24/Data/Normal/NORMAL8.jpeg,Normal
AMRD53.jpeg,/Users/asmitganguly/Developer/internships/UWaterloo-24/Data/Age_related_Macular_Degeneration/AMRD53.jpeg,Age_related_Macular_Degeneration
CSR40.jpeg,/Users/asmitganguly/Developer/internships/UWaterloo-24/Data/Central_serous/CSR40.jpeg,Central_serous
MH7.jpeg,/Users/asmitganguly/Developer/internships/UWaterloo-24/Data/Macular_Hole/MH7.jpeg,Macular_Hole
NORMAL64.jpeg,/Users/asmitganguly/Developer/internships/UWaterloo-24/Data/Normal/NORMAL64.jpeg,Normal
DR35.jpeg,/Users/asmitganguly/Developer/internships/UWaterloo-24/Data/Diabetic/DR35.jpeg,Diabetic
CSR5.jpeg,/Users/asmitganguly/Developer/internships/UWaterloo-24/Data/Central_serous/CSR5.jpeg,Central_serous
MH87.jpeg,/Users/asmitganguly/Developer/internships/UWaterloo-24/Data/Macular_Hole/MH87.jpeg,Macular_Hole
NORMAL4.jpeg,/Users/asmitganguly/Developer/internships/UWaterloo-24/Data/Normal/NORMAL4.jpeg,Normal
NORMAL83.jpeg,/Users/asmitganguly/Developer/internships/UWaterloo-24/Data/Normal/NORMAL83.jpeg,Normal
NORMAL90.jpeg,/Users/asmitganguly/Developer/internships/UWaterloo-24/Data/Normal/NORMAL90.jpeg,Normal
NORMAL106.jpeg,/Users/asmitganguly/Developer/internships/UWaterloo-24/Data/Normal/NORMAL106.jpeg,Normal
DR26.jpeg,/Users/asmitganguly/Developer/internships/UWaterloo-24/Data/Diabetic/DR26.jpeg,Diabetic
CSR4.jpeg,/Users/asmitganguly/Developer/internships/UWaterloo-24/Data/Central_serous/CSR4.jpeg,Central_serous
NORMAL128.jpeg,/Users/asmitganguly/Developer/internships/UWaterloo-24/Data/Normal/NORMAL128.jpeg,Normal
AMRD20.jpeg,/Users/asmitganguly/Developer/internships/UWaterloo-24/Data/Age_related_Macular_Degeneration/AMRD20.jpeg,Age_related_Macular_Degeneration
NORMAL25.jpeg,/Users/asmitganguly/Developer/internships/UWaterloo-24/Data/Normal/NORMAL25.jpeg,Normal
NORMAL196.jpeg,/Users/asmitganguly/Developer/internships/UWaterloo-24/Data/Normal/NORMAL196.jpeg,Normal
AMRD17.jpeg,/Users/asmitganguly/Developer/internships/UWaterloo-24/Data/Age_related_Macular_Degeneration/AMRD17.jpeg,Age_related_Macular_Degeneration
DR42.jpeg,/Users/asmitganguly/Developer/internships/UWaterloo-24/Data/Diabetic/DR42.jpeg,Diabetic
DR38.jpeg,/Users/asmitganguly/Developer/internships/UWaterloo-24/Data/Diabetic/DR38.jpeg,Diabetic
AMRD28.jpeg,/Users/asmitganguly/Developer/internships/UWaterloo-24/Data/Age_related_Macular_Degeneration/AMRD28.jpeg,Age_related_Macular_Degeneration
NORMAL7.jpeg,/Users/asmitganguly/Developer/internships/UWaterloo-24/Data/Normal/NORMAL7.jpeg,Normal
DR64.jpeg,/Users/asmitganguly/Developer/internships/UWaterloo-24/Data/Diabetic/DR64.jpeg,Diabetic
NORMAL95.jpeg,/Users/asmitganguly/Developer/internships/UWaterloo-24/Data/Normal/NORMAL95.jpeg,Normal
MH19.jpeg,/Users/asmitganguly/Developer/internships/UWaterloo-24/Data/Macular_Hole/MH19.jpeg,Macular_Hole
NORMAL20.jpeg,/Users/asmitganguly/Developer/internships/UWaterloo-24/Data/Normal/NORMAL20.jpeg,Normal
DR56.jpeg,/Users/asmitganguly/Developer/internships/UWaterloo-24/Data/Diabetic/DR56.jpeg,Diabetic
NORMAL34.jpeg,/Users/asmitganguly/Developer/internships/UWaterloo-24/Data/Normal/NORMAL34.jpeg,Normal
NORMAL108.jpeg,/Users/asmitganguly/Developer/internships/UWaterloo-24/Data/Normal/NORMAL108.jpeg,Normal
NORMAL153.jpeg,/Users/asmitganguly/Developer/internships/UWaterloo-24/Data/Normal/NORMAL153.jpeg,Normal
DR74.jpeg,/Users/asmitganguly/Developer/internships/UWaterloo-24/Data/Diabetic/DR74.jpeg,Diabetic
DR95.jpeg,/Users/asmitganguly/Developer/internships/UWaterloo-24/Data/Diabetic/DR95.jpeg,Diabetic
NORMAL195.jpeg,/Users/asmitganguly/Developer/internships/UWaterloo-24/Data/Normal/NORMAL195.jpeg,Normal
MH91.jpeg,/Users/asmitganguly/Developer/internships/UWaterloo-24/Data/Macular_Hole/MH91.jpeg,Macular_Hole
CSR18.jpeg,/Users/asmitganguly/Developer/internships/UWaterloo-24/Data/Central_serous/CSR18.jpeg,Central_serous
NORMAL149.jpeg,/Users/asmitganguly/Developer/internships/UWaterloo-24/Data/Normal/NORMAL149.jpeg,Normal
NORMAL10.jpeg,/Users/asmitganguly/Developer/internships/UWaterloo-24/Data/Normal/NORMAL10.jpeg,Normal
AMRD32.jpeg,/Users/asmitganguly/Developer/internships/UWaterloo-24/Data/Age_related_Macular_Degeneration/AMRD32.jpeg,Age_related_Macular_Degeneration
NORMAL203.jpeg,/Users/asmitganguly/Developer/internships/UWaterloo-24/Data/Normal/NORMAL203.jpeg,Normal
NORMAL87.jpeg,/Users/asmitganguly/Developer/internships/UWaterloo-24/Data/Normal/NORMAL87.jpeg,Normal
DR80.jpeg,/Users/asmitganguly/Developer/internships/UWaterloo-24/Data/Diabetic/DR80.jpeg,Diabetic
CSR71.jpeg,/Users/asmitganguly/Developer/internships/UWaterloo-24/Data/Central_serous/CSR71.jpeg,Central_serous
NORMAL44.jpeg,/Users/asmitganguly/Developer/internships/UWaterloo-24/Data/Normal/NORMAL44.jpeg,Normal
CSR23.jpeg,/Users/asmitganguly/Developer/internships/UWaterloo-24/Data/Central_serous/CSR23.jpeg,Central_serous
CSR84.jpeg,/Users/asmitganguly/Developer/internships/UWaterloo-24/Data/Central_serous/CSR84.jpeg,Central_serous
CSR43.jpeg,/Users/asmitganguly/Developer/internships/UWaterloo-24/Data/Central_serous/CSR43.jpeg,Central_serous
CSR96.jpeg,/Users/asmitganguly/Developer/internships/UWaterloo-24/Data/Central_serous/CSR96.jpeg,Central_serous
NORMAL180.jpeg,/Users/asmitganguly/Developer/internships/UWaterloo-24/Data/Normal/NORMAL180.jpeg,Normal
AMRD26.jpeg,/Users/asmitganguly/Developer/internships/UWaterloo-24/Data/Age_related_Macular_Degeneration/AMRD26.jpeg,Age_related_Macular_Degeneration
CSR50.jpeg,/Users/asmitganguly/Developer/internships/UWaterloo-24/Data/Central_serous/CSR50.jpeg,Central_serous
NORMAL194.jpeg,/Users/asmitganguly/Developer/internships/UWaterloo-24/Data/Normal/NORMAL194.jpeg,Normal
CSR74.jpeg,/Users/asmitganguly/Developer/internships/UWaterloo-24/Data/Central_serous/CSR74.jpeg,Central_serous
MH92.jpeg,/Users/asmitganguly/Developer/internships/UWaterloo-24/Data/Macular_Hole/MH92.jpeg,Macular_Hole
NORMAL179.jpeg,/Users/asmitganguly/Developer/internships/UWaterloo-24/Data/Normal/NORMAL179.jpeg,Normal
NORMAL186.jpeg,/Users/asmitganguly/Developer/internships/UWaterloo-24/Data/Normal/NORMAL186.jpeg,Normal
NORMAL80.jpeg,/Users/asmitganguly/Developer/internships/UWaterloo-24/Data/Normal/NORMAL80.jpeg,Normal
NORMAL139.jpeg,/Users/asmitganguly/Developer/internships/UWaterloo-24/Data/Normal/NORMAL139.jpeg,Normal
NORMAL42.jpeg,/Users/asmitganguly/Developer/internships/UWaterloo-24/Data/Normal/NORMAL42.jpeg,Normal
NORMAL56.jpeg,/Users/asmitganguly/Developer/internships/UWaterloo-24/Data/Normal/NORMAL56.jpeg,Normal
NORMAL73.jpeg,/Users/asmitganguly/Developer/internships/UWaterloo-24/Data/Normal/NORMAL73.jpeg,Normal
NORMAL121.jpeg,/Users/asmitganguly/Developer/internships/UWaterloo-24/Data/Normal/NORMAL121.jpeg,Normal
AMRD38.jpeg,/Users/asmitganguly/Developer/internships/UWaterloo-24/Data/Age_related_Macular_Degeneration/AMRD38.jpeg,Age_related_Macular_Degeneration
NORMAL100.jpeg,/Users/asmitganguly/Developer/internships/UWaterloo-24/Data/Normal/NORMAL100.jpeg,Normal
NORMAL188.jpeg,/Users/asmitganguly/Developer/internships/UWaterloo-24/Data/Normal/NORMAL188.jpeg,Normal
CSR13.jpeg,/Users/asmitganguly/Developer/internships/UWaterloo-24/Data/Central_serous/CSR13.jpeg,Central_serous
NORMAL135.jpeg,/Users/asmitganguly/Developer/internships/UWaterloo-24/Data/Normal/NORMAL135.jpeg,Normal
AMRD9.jpeg,/Users/asmitganguly/Developer/internships/UWaterloo-24/Data/Age_related_Macular_Degeneration/AMRD9.jpeg,Age_related_Macular_Degeneration
NORMAL82.jpeg,/Users/asmitganguly/Developer/internships/UWaterloo-24/Data/Normal/NORMAL82.jpeg,Normal
NORMAL15.jpeg,/Users/asmitganguly/Developer/internships/UWaterloo-24/Data/Normal/NORMAL15.jpeg,Normal
NORMAL84.jpeg,/Users/asmitganguly/Developer/internships/UWaterloo-24/Data/Normal/NORMAL84.jpeg,Normal
CSR26.jpeg,/Users/asmitganguly/Developer/internships/UWaterloo-24/Data/Central_serous/CSR26.jpeg,Central_serous
NORMAL161.jpeg,/Users/asmitganguly/Developer/internships/UWaterloo-24/Data/Normal/NORMAL161.jpeg,Normal
NORMAL177.jpeg,/Users/asmitganguly/Developer/internships/UWaterloo-24/Data/Normal/NORMAL177.jpeg,Normal
CSR16.jpeg,/Users/asmitganguly/Developer/internships/UWaterloo-24/Data/Central_serous/CSR16.jpeg,Central_serous
DR18.jpeg,/Users/asmitganguly/Developer/internships/UWaterloo-24/Data/Diabetic/DR18.jpeg,Diabetic
CSR70.jpeg,/Users/asmitganguly/Developer/internships/UWaterloo-24/Data/Central_serous/CSR70.jpeg,Central_serous
NORMAL144.jpeg,/Users/asmitganguly/Developer/internships/UWaterloo-24/Data/Normal/NORMAL144.jpeg,Normal
MH32.jpeg,/Users/asmitganguly/Developer/internships/UWaterloo-24/Data/Macular_Hole/MH32.jpeg,Macular_Hole
DR59.jpeg,/Users/asmitganguly/Developer/internships/UWaterloo-24/Data/Diabetic/DR59.jpeg,Diabetic
CSR53.jpeg,/Users/asmitganguly/Developer/internships/UWaterloo-24/Data/Central_serous/CSR53.jpeg,Central_serous
NORMAL23.jpeg,/Users/asmitganguly/Developer/internships/UWaterloo-24/Data/Normal/NORMAL23.jpeg,Normal
NORMAL146.jpeg,/Users/asmitganguly/Developer/internships/UWaterloo-24/Data/Normal/NORMAL146.jpeg,Normal
NORMAL117.jpeg,/Users/asmitganguly/Developer/internships/UWaterloo-24/Data/Normal/NORMAL117.jpeg,Normal
MH55.jpeg,/Users/asmitganguly/Developer/internships/UWaterloo-24/Data/Macular_Hole/MH55.jpeg,Macular_Hole
MH34.jpeg,/Users/asmitganguly/Developer/internships/UWaterloo-24/Data/Macular_Hole/MH34.jpeg,Macular_Hole
NORMAL148.jpeg,/Users/asmitganguly/Developer/internships/UWaterloo-24/Data/Normal/NORMAL148.jpeg,Normal
DR9.jpeg,/Users/asmitganguly/Developer/internships/UWaterloo-24/Data/Diabetic/DR9.jpeg,Diabetic
MH22.jpeg,/Users/asmitganguly/Developer/internships/UWaterloo-24/Data/Macular_Hole/MH22.jpeg,Macular_Hole
CSR64.jpeg,/Users/asmitganguly/Developer/internships/UWaterloo-24/Data/Central_serous/CSR64.jpeg,Central_serous
CSR101.jpeg,/Users/asmitganguly/Developer/internships/UWaterloo-24/Data/Central_serous/CSR101.jpeg,Central_serous
NORMAL199.jpeg,/Users/asmitganguly/Developer/internships/UWaterloo-24/Data/Normal/NORMAL199.jpeg,Normal
AMRD45.jpeg,/Users/asmitganguly/Developer/internships/UWaterloo-24/Data/Age_related_Macular_Degeneration/AMRD45.jpeg,Age_related_Macular_Degeneration
NORMAL88.jpeg,/Users/asmitganguly/Developer/internships/UWaterloo-24/Data/Normal/NORMAL88.jpeg,Normal
NORMAL31.jpeg,/Users/asmitganguly/Developer/internships/UWaterloo-24/Data/Normal/NORMAL31.jpeg,Normal
NORMAL115.jpeg,/Users/asmitganguly/Developer/internships/UWaterloo-24/Data/Normal/NORMAL115.jpeg,Normal
NORMAL6.jpeg,/Users/asmitganguly/Developer/internships/UWaterloo-24/Data/Normal/NORMAL6.jpeg,Normal
MH67.jpeg,/Users/asmitganguly/Developer/internships/UWaterloo-24/Data/Macular_Hole/MH67.jpeg,Macular_Hole
MH1.jpeg,/Users/asmitganguly/Developer/internships/UWaterloo-24/Data/Macular_Hole/MH1.jpeg,Macular_Hole
NORMAL125.jpeg,/Users/asmitganguly/Developer/internships/UWaterloo-24/Data/Normal/NORMAL125.jpeg,Normal
CSR24.jpeg,/Users/asmitganguly/Developer/internships/UWaterloo-24/Data/Central_serous/CSR24.jpeg,Central_serous
AMRD41.jpeg,/Users/asmitganguly/Developer/internships/UWaterloo-24/Data/Age_related_Macular_Degeneration/AMRD41.jpeg,Age_related_Macular_Degeneration
NORMAL36.jpeg,/Users/asmitganguly/Developer/internships/UWaterloo-24/Data/Normal/NORMAL36.jpeg,Normal
MH49.jpeg,/Users/asmitganguly/Developer/internships/UWaterloo-24/Data/Macular_Hole/MH49.jpeg,Macular_Hole
DR32.jpeg,/Users/asmitganguly/Developer/internships/UWaterloo-24/Data/Diabetic/DR32.jpeg,Diabetic
DR5.jpeg,/Users/asmitganguly/Developer/internships/UWaterloo-24/Data/Diabetic/DR5.jpeg,Diabetic
NORMAL12.jpeg,/Users/asmitganguly/Developer/internships/UWaterloo-24/Data/Normal/NORMAL12.jpeg,Normal
NORMAL197.jpeg,/Users/asmitganguly/Developer/internships/UWaterloo-24/Data/Normal/NORMAL197.jpeg,Normal
MH58.jpeg,/Users/asmitganguly/Developer/internships/UWaterloo-24/Data/Macular_Hole/MH58.jpeg,Macular_Hole
CSR75.jpeg,/Users/asmitganguly/Developer/internships/UWaterloo-24/Data/Central_serous/CSR75.jpeg,Central_serous
MH73.jpeg,/Users/asmitganguly/Developer/internships/UWaterloo-24/Data/Macular_Hole/MH73.jpeg,Macular_Hole
CSR79.jpeg,/Users/asmitganguly/Developer/internships/UWaterloo-24/Data/Central_serous/CSR79.jpeg,Central_serous
MH64.jpeg,/Users/asmitganguly/Developer/internships/UWaterloo-24/Data/Macular_Hole/MH64.jpeg,Macular_Hole
MH25.jpeg,/Users/asmitganguly/Developer/internships/UWaterloo-24/Data/Macular_Hole/MH25.jpeg,Macular_Hole
MH2.jpeg,/Users/asmitganguly/Developer/internships/UWaterloo-24/Data/Macular_Hole/MH2.jpeg,Macular_Hole
MH102.jpeg,/Users/asmitganguly/Developer/internships/UWaterloo-24/Data/Macular_Hole/MH102.jpeg,Macular_Hole
MH40.jpeg,/Users/asmitganguly/Developer/internships/UWaterloo-24/Data/Macular_Hole/MH40.jpeg,Macular_Hole
NORMAL151.jpeg,/Users/asmitganguly/Developer/internships/UWaterloo-24/Data/Normal/NORMAL151.jpeg,Normal
MH23.jpeg,/Users/asmitganguly/Developer/internships/UWaterloo-24/Data/Macular_Hole/MH23.jpeg,Macular_Hole
NORMAL94.jpeg,/Users/asmitganguly/Developer/internships/UWaterloo-24/Data/Normal/NORMAL94.jpeg,Normal
MH28.jpeg,/Users/asmitganguly/Developer/internships/UWaterloo-24/Data/Macular_Hole/MH28.jpeg,Macular_Hole
NORMAL134.jpeg,/Users/asmitganguly/Developer/internships/UWaterloo-24/Data/Normal/NORMAL134.jpeg,Normal
CSR58.jpeg,/Users/asmitganguly/Developer/internships/UWaterloo-24/Data/Central_serous/CSR58.jpeg,Central_serous
AMRD55.jpeg,/Users/asmitganguly/Developer/internships/UWaterloo-24/Data/Age_related_Macular_Degeneration/AMRD55.jpeg,Age_related_Macular_Degeneration
NORMAL123.jpeg,/Users/asmitganguly/Developer/internships/UWaterloo-24/Data/Normal/NORMAL123.jpeg,Normal
MH90.jpeg,/Users/asmitganguly/Developer/internships/UWaterloo-24/Data/Macular_Hole/MH90.jpeg,Macular_Hole
CSR39.jpeg,/Users/asmitganguly/Developer/internships/UWaterloo-24/Data/Central_serous/CSR39.jpeg,Central_serous
AMRD21.jpeg,/Users/asmitganguly/Developer/internships/UWaterloo-24/Data/Age_related_Macular_Degeneration/AMRD21.jpeg,Age_related_Macular_Degeneration
MH54.jpeg,/Users/asmitganguly/Developer/internships/UWaterloo-24/Data/Macular_Hole/MH54.jpeg,Macular_Hole
NORMAL172.jpeg,/Users/asmitganguly/Developer/internships/UWaterloo-24/Data/Normal/NORMAL172.jpeg,Normal
DR40.jpeg,/Users/asmitganguly/Developer/internships/UWaterloo-24/Data/Diabetic/DR40.jpeg,Diabetic
CSR60.jpeg,/Users/asmitganguly/Developer/internships/UWaterloo-24/Data/Central_serous/CSR60.jpeg,Central_serous
DR6.jpeg,/Users/asmitganguly/Developer/internships/UWaterloo-24/Data/Diabetic/DR6.jpeg,Diabetic
CSR15.jpeg,/Users/asmitganguly/Developer/internships/UWaterloo-24/Data/Central_serous/CSR15.jpeg,Central_serous
CSR95.jpeg,/Users/asmitganguly/Developer/internships/UWaterloo-24/Data/Central_serous/CSR95.jpeg,Central_serous
DR102.jpeg,/Users/asmitganguly/Developer/internships/UWaterloo-24/Data/Diabetic/DR102.jpeg,Diabetic
MH39.jpeg,/Users/asmitganguly/Developer/internships/UWaterloo-24/Data/Macular_Hole/MH39.jpeg,Macular_Hole
NORMAL24.jpeg,/Users/asmitganguly/Developer/internships/UWaterloo-24/Data/Normal/NORMAL24.jpeg,Normal
DR49.jpeg,/Users/asmitganguly/Developer/internships/UWaterloo-24/Data/Diabetic/DR49.jpeg,Diabetic
NORMAL103.jpeg,/Users/asmitganguly/Developer/internships/UWaterloo-24/Data/Normal/NORMAL103.jpeg,Normal
NORMAL76.jpeg,/Users/asmitganguly/Developer/internships/UWaterloo-24/Data/Normal/NORMAL76.jpeg,Normal
MH24.jpeg,/Users/asmitganguly/Developer/internships/UWaterloo-24/Data/Macular_Hole/MH24.jpeg,Macular_Hole
CSR11.jpeg,/Users/asmitganguly/Developer/internships/UWaterloo-24/Data/Central_serous/CSR11.jpeg,Central_serous
NORMAL131.jpeg,/Users/asmitganguly/Developer/internships/UWaterloo-24/Data/Normal/NORMAL131.jpeg,Normal
MH89.jpeg,/Users/asmitganguly/Developer/internships/UWaterloo-24/Data/Macular_Hole/MH89.jpeg,Macular_Hole
MH31.jpeg,/Users/asmitganguly/Developer/internships/UWaterloo-24/Data/Macular_Hole/MH31.jpeg,Macular_Hole
NORMAL162.jpeg,/Users/asmitganguly/Developer/internships/UWaterloo-24/Data/Normal/NORMAL162.jpeg,Normal
NORMAL22.jpeg,/Users/asmitganguly/Developer/internships/UWaterloo-24/Data/Normal/NORMAL22.jpeg,Normal
CSR47.jpeg,/Users/asmitganguly/Developer/internships/UWaterloo-24/Data/Central_serous/CSR47.jpeg,Central_serous
DR37.jpeg,/Users/asmitganguly/Developer/internships/UWaterloo-24/Data/Diabetic/DR37.jpeg,Diabetic
MH27.jpeg,/Users/asmitganguly/Developer/internships/UWaterloo-24/Data/Macular_Hole/MH27.jpeg,Macular_Hole
DR1.jpeg,/Users/asmitganguly/Developer/internships/UWaterloo-24/Data/Diabetic/DR1.jpeg,Diabetic
NORMAL122.jpeg,/Users/asmitganguly/Developer/internships/UWaterloo-24/Data/Normal/NORMAL122.jpeg,Normal
CSR52.jpeg,/Users/asmitganguly/Developer/internships/UWaterloo-24/Data/Central_serous/CSR52.jpeg,Central_serous
CSR62.jpeg,/Users/asmitganguly/Developer/internships/UWaterloo-24/Data/Central_serous/CSR62.jpeg,Central_serous
AMRD43.jpeg,/Users/asmitganguly/Developer/internships/UWaterloo-24/Data/Age_related_Macular_Degeneration/AMRD43.jpeg,Age_related_Macular_Degeneration
MH62.jpeg,/Users/asmitganguly/Developer/internships/UWaterloo-24/Data/Macular_Hole/MH62.jpeg,Macular_Hole
DR77.jpeg,/Users/asmitganguly/Developer/internships/UWaterloo-24/Data/Diabetic/DR77.jpeg,Diabetic
NORMAL2.jpeg,/Users/asmitganguly/Developer/internships/UWaterloo-24/Data/Normal/NORMAL2.jpeg,Normal
CSR97.jpeg,/Users/asmitganguly/Developer/internships/UWaterloo-24/Data/Central_serous/CSR97.jpeg,Central_serous
NORMAL175.jpeg,/Users/asmitganguly/Developer/internships/UWaterloo-24/Data/Normal/NORMAL175.jpeg,Normal
CSR19.jpeg,/Users/asmitganguly/Developer/internships/UWaterloo-24/Data/Central_serous/CSR19.jpeg,Central_serous
CSR31.jpeg,/Users/asmitganguly/Developer/internships/UWaterloo-24/Data/Central_serous/CSR31.jpeg,Central_serous
NORMAL150.jpeg,/Users/asmitganguly/Developer/internships/UWaterloo-24/Data/Normal/NORMAL150.jpeg,Normal
CSR6.jpeg,/Users/asmitganguly/Developer/internships/UWaterloo-24/Data/Central_serous/CSR6.jpeg,Central_serous
NORMAL71.jpeg,/Users/asmitganguly/Developer/internships/UWaterloo-24/Data/Normal/NORMAL71.jpeg,Normal
NORMAL119.jpeg,/Users/asmitganguly/Developer/internships/UWaterloo-24/Data/Normal/NORMAL119.jpeg,Normal
NORMAL47.jpeg,/Users/asmitganguly/Developer/internships/UWaterloo-24/Data/Normal/NORMAL47.jpeg,Normal
AMRD22.jpeg,/Users/asmitganguly/Developer/internships/UWaterloo-24/Data/Age_related_Macular_Degeneration/AMRD22.jpeg,Age_related_Macular_Degeneration
NORMAL99.jpeg,/Users/asmitganguly/Developer/internships/UWaterloo-24/Data/Normal/NORMAL99.jpeg,Normal
NORMAL67.jpeg,/Users/asmitganguly/Developer/internships/UWaterloo-24/Data/Normal/NORMAL67.jpeg,Normal
NORMAL145.jpeg,/Users/asmitganguly/Developer/internships/UWaterloo-24/Data/Normal/NORMAL145.jpeg,Normal
AMRD14.jpeg,/Users/asmitganguly/Developer/internships/UWaterloo-24/Data/Age_related_Macular_Degeneration/AMRD14.jpeg,Age_related_Macular_Degeneration
NORMAL201.jpeg,/Users/asmitganguly/Developer/internships/UWaterloo-24/Data/Normal/NORMAL201.jpeg,Normal
CSR82.jpeg,/Users/asmitganguly/Developer/internships/UWaterloo-24/Data/Central_serous/CSR82.jpeg,Central_serous
CSR36.jpeg,/Users/asmitganguly/Developer/internships/UWaterloo-24/Data/Central_serous/CSR36.jpeg,Central_serous
NORMAL27.jpeg,/Users/asmitganguly/Developer/internships/UWaterloo-24/Data/Normal/NORMAL27.jpeg,Normal
NORMAL156.jpeg,/Users/asmitganguly/Developer/internships/UWaterloo-24/Data/Normal/NORMAL156.jpeg,Normal
NORMAL9.jpeg,/Users/asmitganguly/Developer/internships/UWaterloo-24/Data/Normal/NORMAL9.jpeg,Normal
CSR49.jpeg,/Users/asmitganguly/Developer/internships/UWaterloo-24/Data/Central_serous/CSR49.jpeg,Central_serous
MH70.jpeg,/Users/asmitganguly/Developer/internships/UWaterloo-24/Data/Macular_Hole/MH70.jpeg,Macular_Hole
MH42.jpeg,/Users/asmitganguly/Developer/internships/UWaterloo-24/Data/Macular_Hole/MH42.jpeg,Macular_Hole
DR76.jpeg,/Users/asmitganguly/Developer/internships/UWaterloo-24/Data/Diabetic/DR76.jpeg,Diabetic
NORMAL54.jpeg,/Users/asmitganguly/Developer/internships/UWaterloo-24/Data/Normal/NORMAL54.jpeg,Normal
NORMAL193.jpeg,/Users/asmitganguly/Developer/internships/UWaterloo-24/Data/Normal/NORMAL193.jpeg,Normal
NORMAL187.jpeg,/Users/asmitganguly/Developer/internships/UWaterloo-24/Data/Normal/NORMAL187.jpeg,Normal
CSR21.jpeg,/Users/asmitganguly/Developer/internships/UWaterloo-24/Data/Central_serous/CSR21.jpeg,Central_serous
MH14.jpeg,/Users/asmitganguly/Developer/internships/UWaterloo-24/Data/Macular_Hole/MH14.jpeg,Macular_Hole
CSR12.jpeg,/Users/asmitganguly/Developer/internships/UWaterloo-24/Data/Central_serous/CSR12.jpeg,Central_serous
NORMAL28.jpeg,/Users/asmitganguly/Developer/internships/UWaterloo-24/Data/Normal/NORMAL28.jpeg,Normal
MH95.jpeg,/Users/asmitganguly/Developer/internships/UWaterloo-24/Data/Macular_Hole/MH95.jpeg,Macular_Hole
NORMAL174.jpeg,/Users/asmitganguly/Developer/internships/UWaterloo-24/Data/Normal/NORMAL174.jpeg,Normal
MH84.jpeg,/Users/asmitganguly/Developer/internships/UWaterloo-24/Data/Macular_Hole/MH84.jpeg,Macular_Hole
AMRD11.jpeg,/Users/asmitganguly/Developer/internships/UWaterloo-24/Data/Age_related_Macular_Degeneration/AMRD11.jpeg,Age_related_Macular_Degeneration
NORMAL189.jpeg,/Users/asmitganguly/Developer/internships/UWaterloo-24/Data/Normal/NORMAL189.jpeg,Normal
DR52.jpeg,/Users/asmitganguly/Developer/internships/UWaterloo-24/Data/Diabetic/DR52.jpeg,Diabetic
MH11.jpeg,/Users/asmitganguly/Developer/internships/UWaterloo-24/Data/Macular_Hole/MH11.jpeg,Macular_Hole
CSR100.jpeg,/Users/asmitganguly/Developer/internships/UWaterloo-24/Data/Central_serous/CSR100.jpeg,Central_serous
NORMAL167.jpeg,/Users/asmitganguly/Developer/internships/UWaterloo-24/Data/Normal/NORMAL167.jpeg,Normal
AMRD19.jpeg,/Users/asmitganguly/Developer/internships/UWaterloo-24/Data/Age_related_Macular_Degeneration/AMRD19.jpeg,Age_related_Macular_Degeneration
CSR29.jpeg,/Users/asmitganguly/Developer/internships/UWaterloo-24/Data/Central_serous/CSR29.jpeg,Central_serous
MH93.jpeg,/Users/asmitganguly/Developer/internships/UWaterloo-24/Data/Macular_Hole/MH93.jpeg,Macular_Hole
NORMAL170.jpeg,/Users/asmitganguly/Developer/internships/UWaterloo-24/Data/Normal/NORMAL170.jpeg,Normal
MH98.jpeg,/Users/asmitganguly/Developer/internships/UWaterloo-24/Data/Macular_Hole/MH98.jpeg,Macular_Hole
DR73.jpeg,/Users/asmitganguly/Developer/internships/UWaterloo-24/Data/Diabetic/DR73.jpeg,Diabetic
NORMAL74.jpeg,/Users/asmitganguly/Developer/internships/UWaterloo-24/Data/Normal/NORMAL74.jpeg,Normal
DR96.jpeg,/Users/asmitganguly/Developer/internships/UWaterloo-24/Data/Diabetic/DR96.jpeg,Diabetic
MH60.jpeg,/Users/asmitganguly/Developer/internships/UWaterloo-24/Data/Macular_Hole/MH60.jpeg,Macular_Hole
AMRD54.jpeg,/Users/asmitganguly/Developer/internships/UWaterloo-24/Data/Age_related_Macular_Degeneration/AMRD54.jpeg,Age_related_Macular_Degeneration
NORMAL45.jpeg,/Users/asmitganguly/Developer/internships/UWaterloo-24/Data/Normal/NORMAL45.jpeg,Normal
AMRD3.jpeg,/Users/asmitganguly/Developer/internships/UWaterloo-24/Data/Age_related_Macular_Degeneration/AMRD3.jpeg,Age_related_Macular_Degeneration
DR85.jpeg,/Users/asmitganguly/Developer/internships/UWaterloo-24/Data/Diabetic/DR85.jpeg,Diabetic
NORMAL66.jpeg,/Users/asmitganguly/Developer/internships/UWaterloo-24/Data/Normal/NORMAL66.jpeg,Normal
NORMAL200.jpeg,/Users/asmitganguly/Developer/internships/UWaterloo-24/Data/Normal/NORMAL200.jpeg,Normal
NORMAL60.jpeg,/Users/asmitganguly/Developer/internships/UWaterloo-24/Data/Normal/NORMAL60.jpeg,Normal
CSR83.jpeg,/Users/asmitganguly/Developer/internships/UWaterloo-24/Data/Central_serous/CSR83.jpeg,Central_serous
NORMAL154.jpeg,/Users/asmitganguly/Developer/internships/UWaterloo-24/Data/Normal/NORMAL154.jpeg,Normal
NORMAL164.jpeg,/Users/asmitganguly/Developer/internships/UWaterloo-24/Data/Normal/NORMAL164.jpeg,Normal
AMRD2.jpeg,/Users/asmitganguly/Developer/internships/UWaterloo-24/Data/Age_related_Macular_Degeneration/AMRD2.jpeg,Age_related_Macular_Degeneration
DR92.jpeg,/Users/asmitganguly/Developer/internships/UWaterloo-24/Data/Diabetic/DR92.jpeg,Diabetic
MH77.jpeg,/Users/asmitganguly/Developer/internships/UWaterloo-24/Data/Macular_Hole/MH77.jpeg,Macular_Hole
MH82.jpeg,/Users/asmitganguly/Developer/internships/UWaterloo-24/Data/Macular_Hole/MH82.jpeg,Macular_Hole
NORMAL72.jpeg,/Users/asmitganguly/Developer/internships/UWaterloo-24/Data/Normal/NORMAL72.jpeg,Normal
AMRD40.jpeg,/Users/asmitganguly/Developer/internships/UWaterloo-24/Data/Age_related_Macular_Degeneration/AMRD40.jpeg,Age_related_Macular_Degeneration
NORMAL178.jpeg,/Users/asmitganguly/Developer/internships/UWaterloo-24/Data/Normal/NORMAL178.jpeg,Normal
MH50.jpeg,/Users/asmitganguly/Developer/internships/UWaterloo-24/Data/Macular_Hole/MH50.jpeg,Macular_Hole
CSR33.jpeg,/Users/asmitganguly/Developer/internships/UWaterloo-24/Data/Central_serous/CSR33.jpeg,Central_serous
NORMAL52.jpeg,/Users/asmitganguly/Developer/internships/UWaterloo-24/Data/Normal/NORMAL52.jpeg,Normal
DR36.jpeg,/Users/asmitganguly/Developer/internships/UWaterloo-24/Data/Diabetic/DR36.jpeg,Diabetic
AMRD24.jpeg,/Users/asmitganguly/Developer/internships/UWaterloo-24/Data/Age_related_Macular_Degeneration/AMRD24.jpeg,Age_related_Macular_Degeneration
NORMAL140.jpeg,/Users/asmitganguly/Developer/internships/UWaterloo-24/Data/Normal/NORMAL140.jpeg,Normal
MH75.jpeg,/Users/asmitganguly/Developer/internships/UWaterloo-24/Data/Macular_Hole/MH75.jpeg,Macular_Hole
CSR30.jpeg,/Users/asmitganguly/Developer/internships/UWaterloo-24/Data/Central_serous/CSR30.jpeg,Central_serous
AMRD25.jpeg,/Users/asmitganguly/Developer/internships/UWaterloo-24/Data/Age_related_Macular_Degeneration/AMRD25.jpeg,Age_related_Macular_Degeneration
DR83.jpeg,/Users/asmitganguly/Developer/internships/UWaterloo-24/Data/Diabetic/DR83.jpeg,Diabetic
MH33.jpeg,/Users/asmitganguly/Developer/internships/UWaterloo-24/Data/Macular_Hole/MH33.jpeg,Macular_Hole
DR69.jpeg,/Users/asmitganguly/Developer/internships/UWaterloo-24/Data/Diabetic/DR69.jpeg,Diabetic
MH85.jpeg,/Users/asmitganguly/Developer/internships/UWaterloo-24/Data/Macular_Hole/MH85.jpeg,Macular_Hole
NORMAL5.jpeg,/Users/asmitganguly/Developer/internships/UWaterloo-24/Data/Normal/NORMAL5.jpeg,Normal
DR12.jpeg,/Users/asmitganguly/Developer/internships/UWaterloo-24/Data/Diabetic/DR12.jpeg,Diabetic
MH30.jpeg,/Users/asmitganguly/Developer/internships/UWaterloo-24/Data/Macular_Hole/MH30.jpeg,Macular_Hole
CSR44.jpeg,/Users/asmitganguly/Developer/internships/UWaterloo-24/Data/Central_serous/CSR44.jpeg,Central_serous
DR13.jpeg,/Users/asmitganguly/Developer/internships/UWaterloo-24/Data/Diabetic/DR13.jpeg,Diabetic
NORMAL155.jpeg,/Users/asmitganguly/Developer/internships/UWaterloo-24/Data/Normal/NORMAL155.jpeg,Normal
NORMAL165.jpeg,/Users/asmitganguly/Developer/internships/UWaterloo-24/Data/Normal/NORMAL165.jpeg,Normal
NORMAL176.jpeg,/Users/asmitganguly/Developer/internships/UWaterloo-24/Data/Normal/NORMAL176.jpeg,Normal
DR75.jpeg,/Users/asmitganguly/Developer/internships/UWaterloo-24/Data/Diabetic/DR75.jpeg,Diabetic
NORMAL206.jpeg,/Users/asmitganguly/Developer/internships/UWaterloo-24/Data/Normal/NORMAL206.jpeg,Normal
AMRD52.jpeg,/Users/asmitganguly/Developer/internships/UWaterloo-24/Data/Age_related_Macular_Degeneration/AMRD52.jpeg,Age_related_Macular_Degeneration
NORMAL79.jpeg,/Users/asmitganguly/Developer/internships/UWaterloo-24/Data/Normal/NORMAL79.jpeg,Normal
DR14.jpeg,/Users/asmitganguly/Developer/internships/UWaterloo-24/Data/Diabetic/DR14.jpeg,Diabetic
CSR92.jpeg,/Users/asmitganguly/Developer/internships/UWaterloo-24/Data/Central_serous/CSR92.jpeg,Central_serous
NORMAL70.jpeg,/Users/asmitganguly/Developer/internships/UWaterloo-24/Data/Normal/NORMAL70.jpeg,Normal
DR68.jpeg,/Users/asmitganguly/Developer/internships/UWaterloo-24/Data/Diabetic/DR68.jpeg,Diabetic
DR31.jpeg,/Users/asmitganguly/Developer/internships/UWaterloo-24/Data/Diabetic/DR31.jpeg,Diabetic
NORMAL17.jpeg,/Users/asmitganguly/Developer/internships/UWaterloo-24/Data/Normal/NORMAL17.jpeg,Normal
AMRD37.jpeg,/Users/asmitganguly/Developer/internships/UWaterloo-24/Data/Age_related_Macular_Degeneration/AMRD37.jpeg,Age_related_Macular_Degeneration
NORMAL37.jpeg,/Users/asmitganguly/Developer/internships/UWaterloo-24/Data/Normal/NORMAL37.jpeg,Normal
NORMAL183.jpeg,/Users/asmitganguly/Developer/internships/UWaterloo-24/Data/Normal/NORMAL183.jpeg,Normal
DR33.jpeg,/Users/asmitganguly/Developer/internships/UWaterloo-24/Data/Diabetic/DR33.jpeg,Diabetic
CSR45.jpeg,/Users/asmitganguly/Developer/internships/UWaterloo-24/Data/Central_serous/CSR45.jpeg,Central_serous
NORMAL173.jpeg,/Users/asmitganguly/Developer/internships/UWaterloo-24/Data/Normal/NORMAL173.jpeg,Normal
MH94.jpeg,/Users/asmitganguly/Developer/internships/UWaterloo-24/Data/Macular_Hole/MH94.jpeg,Macular_Hole
MH9.jpeg,/Users/asmitganguly/Developer/internships/UWaterloo-24/Data/Macular_Hole/MH9.jpeg,Macular_Hole
NORMAL14.jpeg,/Users/asmitganguly/Developer/internships/UWaterloo-24/Data/Normal/NORMAL14.jpeg,Normal
DR29.jpeg,/Users/asmitganguly/Developer/internships/UWaterloo-24/Data/Diabetic/DR29.jpeg,Diabetic
DR53.jpeg,/Users/asmitganguly/Developer/internships/UWaterloo-24/Data/Diabetic/DR53.jpeg,Diabetic
NORMAL132.jpeg,/Users/asmitganguly/Developer/internships/UWaterloo-24/Data/Normal/NORMAL132.jpeg,Normal
AMRD15.jpeg,/Users/asmitganguly/Developer/internships/UWaterloo-24/Data/Age_related_Macular_Degeneration/AMRD15.jpeg,Age_related_Macular_Degeneration
NORMAL109.jpeg,/Users/asmitganguly/Developer/internships/UWaterloo-24/Data/Normal/NORMAL109.jpeg,Normal
DR34.jpeg,/Users/asmitganguly/Developer/internships/UWaterloo-24/Data/Diabetic/DR34.jpeg,Diabetic
CSR3.jpeg,/Users/asmitganguly/Developer/internships/UWaterloo-24/Data/Central_serous/CSR3.jpeg,Central_serous
DR2.jpeg,/Users/asmitganguly/Developer/internships/UWaterloo-24/Data/Diabetic/DR2.jpeg,Diabetic
DR90.jpeg,/Users/asmitganguly/Developer/internships/UWaterloo-24/Data/Diabetic/DR90.jpeg,Diabetic
NORMAL13.jpeg,/Users/asmitganguly/Developer/internships/UWaterloo-24/Data/Normal/NORMAL13.jpeg,Normal
MH83.jpeg,/Users/asmitganguly/Developer/internships/UWaterloo-24/Data/Macular_Hole/MH83.jpeg,Macular_Hole
MH81.jpeg,/Users/asmitganguly/Developer/internships/UWaterloo-24/Data/Macular_Hole/MH81.jpeg,Macular_Hole
CSR80.jpeg,/Users/asmitganguly/Developer/internships/UWaterloo-24/Data/Central_serous/CSR80.jpeg,Central_serous
MH97.jpeg,/Users/asmitganguly/Developer/internships/UWaterloo-24/Data/Macular_Hole/MH97.jpeg,Macular_Hole
DR22.jpeg,/Users/asmitganguly/Developer/internships/UWaterloo-24/Data/Diabetic/DR22.jpeg,Diabetic
NORMAL50.jpeg,/Users/asmitganguly/Developer/internships/UWaterloo-24/Data/Normal/NORMAL50.jpeg,Normal
MH61.jpeg,/Users/asmitganguly/Developer/internships/UWaterloo-24/Data/Macular_Hole/MH61.jpeg,Macular_Hole
NORMAL59.jpeg,/Users/asmitganguly/Developer/internships/UWaterloo-24/Data/Normal/NORMAL59.jpeg,Normal
DR10.jpeg,/Users/asmitganguly/Developer/internships/UWaterloo-24/Data/Diabetic/DR10.jpeg,Diabetic
NORMAL58.jpeg,/Users/asmitganguly/Developer/internships/UWaterloo-24/Data/Normal/NORMAL58.jpeg,Normal
NORMAL185.jpeg,/Users/asmitganguly/Developer/internships/UWaterloo-24/Data/Normal/NORMAL185.jpeg,Normal
NORMAL21.jpeg,/Users/asmitganguly/Developer/internships/UWaterloo-24/Data/Normal/NORMAL21.jpeg,Normal
DR100.jpeg,/Users/asmitganguly/Developer/internships/UWaterloo-24/Data/Diabetic/DR100.jpeg,Diabetic
NORMAL147.jpeg,/Users/asmitganguly/Developer/internships/UWaterloo-24/Data/Normal/NORMAL147.jpeg,Normal
DR57.jpeg,/Users/asmitganguly/Developer/internships/UWaterloo-24/Data/Diabetic/DR57.jpeg,Diabetic
AMRD5.jpeg,/Users/asmitganguly/Developer/internships/UWaterloo-24/Data/Age_related_Macular_Degeneration/AMRD5.jpeg,Age_related_Macular_Degeneration
AMRD47.jpeg,/Users/asmitganguly/Developer/internships/UWaterloo-24/Data/Age_related_Macular_Degeneration/AMRD47.jpeg,Age_related_Macular_Degeneration
DR39.jpeg,/Users/asmitganguly/Developer/internships/UWaterloo-24/Data/Diabetic/DR39.jpeg,Diabetic
NORMAL62.jpeg,/Users/asmitganguly/Developer/internships/UWaterloo-24/Data/Normal/NORMAL62.jpeg,Normal
MH66.jpeg,/Users/asmitganguly/Developer/internships/UWaterloo-24/Data/Macular_Hole/MH66.jpeg,Macular_Hole
NORMAL49.jpeg,/Users/asmitganguly/Developer/internships/UWaterloo-24/Data/Normal/NORMAL49.jpeg,Normal
DR46.jpeg,/Users/asmitganguly/Developer/internships/UWaterloo-24/Data/Diabetic/DR46.jpeg,Diabetic
DR45.jpeg,/Users/asmitganguly/Developer/internships/UWaterloo-24/Data/Diabetic/DR45.jpeg,Diabetic
DR25.jpeg,/Users/asmitganguly/Developer/internships/UWaterloo-24/Data/Diabetic/DR25.jpeg,Diabetic
DR61.jpeg,/Users/asmitganguly/Developer/internships/UWaterloo-24/Data/Diabetic/DR61.jpeg,Diabetic
AMRD12.jpeg,/Users/asmitganguly/Developer/internships/UWaterloo-24/Data/Age_related_Macular_Degeneration/AMRD12.jpeg,Age_related_Macular_Degeneration
MH88.jpeg,/Users/asmitganguly/Developer/internships/UWaterloo-24/Data/Macular_Hole/MH88.jpeg,Macular_Hole
MH35.jpeg,/Users/asmitganguly/Developer/internships/UWaterloo-24/Data/Macular_Hole/MH35.jpeg,Macular_Hole
NORMAL152.jpeg,/Users/asmitganguly/Developer/internships/UWaterloo-24/Data/Normal/NORMAL152.jpeg,Normal
CSR63.jpeg,/Users/asmitganguly/Developer/internships/UWaterloo-24/Data/Central_serous/CSR63.jpeg,Central_serous
AMRD8.jpeg,/Users/asmitganguly/Developer/internships/UWaterloo-24/Data/Age_related_Macular_Degeneration/AMRD8.jpeg,Age_related_Macular_Degeneration
CSR81.jpeg,/Users/asmitganguly/Developer/internships/UWaterloo-24/Data/Central_serous/CSR81.jpeg,Central_serous
MH12.jpeg,/Users/asmitganguly/Developer/internships/UWaterloo-24/Data/Macular_Hole/MH12.jpeg,Macular_Hole
DR94.jpeg,/Users/asmitganguly/Developer/internships/UWaterloo-24/Data/Diabetic/DR94.jpeg,Diabetic
NORMAL65.jpeg,/Users/asmitganguly/Developer/internships/UWaterloo-24/Data/Normal/NORMAL65.jpeg,Normal
MH48.jpeg,/Users/asmitganguly/Developer/internships/UWaterloo-24/Data/Macular_Hole/MH48.jpeg,Macular_Hole
MH3.jpeg,/Users/asmitganguly/Developer/internships/UWaterloo-24/Data/Macular_Hole/MH3.jpeg,Macular_Hole
MH96.jpeg,/Users/asmitganguly/Developer/internships/UWaterloo-24/Data/Macular_Hole/MH96.jpeg,Macular_Hole
DR66.jpeg,/Users/asmitganguly/Developer/internships/UWaterloo-24/Data/Diabetic/DR66.jpeg,Diabetic
DR11.jpeg,/Users/asmitganguly/Developer/internships/UWaterloo-24/Data/Diabetic/DR11.jpeg,Diabetic
CSR68.jpeg,/Users/asmitganguly/Developer/internships/UWaterloo-24/Data/Central_serous/CSR68.jpeg,Central_serous
NORMAL192.jpeg,/Users/asmitganguly/Developer/internships/UWaterloo-24/Data/Normal/NORMAL192.jpeg,Normal
NORMAL102.jpeg,/Users/asmitganguly/Developer/internships/UWaterloo-24/Data/Normal/NORMAL102.jpeg,Normal
NORMAL202.jpeg,/Users/asmitganguly/Developer/internships/UWaterloo-24/Data/Normal/NORMAL202.jpeg,Normal
DR72.jpeg,/Users/asmitganguly/Developer/internships/UWaterloo-24/Data/Diabetic/DR72.jpeg,Diabetic
AMRD23.jpeg,/Users/asmitganguly/Developer/internships/UWaterloo-24/Data/Age_related_Macular_Degeneration/AMRD23.jpeg,Age_related_Macular_Degeneration
DR79.jpeg,/Users/asmitganguly/Developer/internships/UWaterloo-24/Data/Diabetic/DR79.jpeg,Diabetic
CSR7.jpeg,/Users/asmitganguly/Developer/internships/UWaterloo-24/Data/Central_serous/CSR7.jpeg,Central_serous
AMRD13.jpeg,/Users/asmitganguly/Developer/internships/UWaterloo-24/Data/Age_related_Macular_Degeneration/AMRD13.jpeg,Age_related_Macular_Degeneration
CSR2.jpeg,/Users/asmitganguly/Developer/internships/UWaterloo-24/Data/Central_serous/CSR2.jpeg,Central_serous
NORMAL3.jpeg,/Users/asmitganguly/Developer/internships/UWaterloo-24/Data/Normal/NORMAL3.jpeg,Normal
DR20.jpeg,/Users/asmitganguly/Developer/internships/UWaterloo-24/Data/Diabetic/DR20.jpeg,Diabetic
CSR8.jpeg,/Users/asmitganguly/Developer/internships/UWaterloo-24/Data/Central_serous/CSR8.jpeg,Central_serous
NORMAL129.jpeg,/Users/asmitganguly/Developer/internships/UWaterloo-24/Data/Normal/NORMAL129.jpeg,Normal
NORMAL101.jpeg,/Users/asmitganguly/Developer/internships/UWaterloo-24/Data/Normal/NORMAL101.jpeg,Normal
AMRD36.jpeg,/Users/asmitganguly/Developer/internships/UWaterloo-24/Data/Age_related_Macular_Degeneration/AMRD36.jpeg,Age_related_Macular_Degeneration
NORMAL69.jpeg,/Users/asmitganguly/Developer/internships/UWaterloo-24/Data/Normal/NORMAL69.jpeg,Normal
CSR67.jpeg,/Users/asmitganguly/Developer/internships/UWaterloo-24/Data/Central_serous/CSR67.jpeg,Central_serous
CSR91.jpeg,/Users/asmitganguly/Developer/internships/UWaterloo-24/Data/Central_serous/CSR91.jpeg,Central_serous
NORMAL107.jpeg,/Users/asmitganguly/Developer/internships/UWaterloo-24/Data/Normal/NORMAL107.jpeg,Normal
DR55.jpeg,/Users/asmitganguly/Developer/internships/UWaterloo-24/Data/Diabetic/DR55.jpeg,Diabetic
NORMAL1.jpeg,/Users/asmitganguly/Developer/internships/UWaterloo-24/Data/Normal/NORMAL1.jpeg,Normal
NORMAL86.jpeg,/Users/asmitganguly/Developer/internships/UWaterloo-24/Data/Normal/NORMAL86.jpeg,Normal
CSR86.jpeg,/Users/asmitganguly/Developer/internships/UWaterloo-24/Data/Central_serous/CSR86.jpeg,Central_serous
NORMAL38.jpeg,/Users/asmitganguly/Developer/internships/UWaterloo-24/Data/Normal/NORMAL38.jpeg,Normal
MH100.jpeg,/Users/asmitganguly/Developer/internships/UWaterloo-24/Data/Macular_Hole/MH100.jpeg,Macular_Hole
DR63.jpeg,/Users/asmitganguly/Developer/internships/UWaterloo-24/Data/Diabetic/DR63.jpeg,Diabetic
MH45.jpeg,/Users/asmitganguly/Developer/internships/UWaterloo-24/Data/Macular_Hole/MH45.jpeg,Macular_Hole
